id,site_name,subsite_name,strat,date_oldest,date_youngest,id_older_than,id_younger_than
A.L. 894-993,Hadar,A.L. 894,"3m below BKT-3, Busidima formation",2360000,2330000,,A.L. 666-1
A.L. 666-1,Hadar,A.L. 666,"80cm below BKT-3, Busidima formation",2360000,2330000,A.L. 894-993,
A.L. 58-22b,Hadar,A.L. 58,DD-1,3256000,3200000,A.L. 211-1; A.L. 322-1,A.L. 333-123; A.L. 333-124; A.L. 333-125; A.L. 333-126; A.L. 333-127; A.L. 333-128; A.L. 333-129; A.L. 333-130; A.L. 333-132; A.L. 333-134; A.L. 333-135; A.L. 333-165; A.L. 333-166; A.L. 333n-1; A.L. 333x-16; A.L. 620-1; A.L. 1044-1; A.L. 333-1; A.L. 333-10; A.L. 333-100; A.L. 333-101; A.L. 333-102; A.L. 333-103; A.L. 333-104; A.L. 333-105; A.L. 333-106; A.L. 333-107; A.L. 333-108; A.L. 333-109; A.L. 333-11; A.L. 333-110; A.L. 333-111; A.L. 333-112; A.L. 333-113; A.L. 333-114; A.L. 333-115; A.L. 333-116; A.L. 333-117; A.L. 333-118; A.L. 333-119; A.L. 333-12; A.L. 333-120; A.L. 333-121; A.L. 333-122; A.L. 333-13; A.L. 333-131; A.L. 333-14; A.L. 333-140; A.L. 333-141; A.L. 333-142; A.L. 333-144; A.L. 333-145; A.L. 333-147; A.L. 333-148; A.L. 333-149; A.L. 333-15; A.L. 333-150; A.L. 333-151; A.L. 333-152; A.L. 333-153; A.L. 333-154; A.L. 333-155; A.L. 333-156; A.L. 333-157; A.L. 333-158; A.L. 333-159; A.L. 333-16; A.L. 333-160; A.L. 333-161; A.L. 333-162; A.L. 333-163; A.L. 333-164; A.L. 333-167; A.L. 333-168; A.L. 333-17; A.L. 333-18; A.L. 333-19; A.L. 333-2; A.L. 333-20; A.L. 333-21; A.L. 333-22; A.L. 333-23; A.L. 333-24; A.L. 333-25; A.L. 333-26; A.L. 333-27; A.L. 333-28; A.L. 333-29; A.L. 333-3; A.L. 333-30; A.L. 333-31; A.L. 333-32; A.L. 333-33; A.L. 333-34; A.L. 333-35; A.L. 333-36; A.L. 333-37; A.L. 333-38; A.L. 333-39; A.L. 333-4; A.L. 333-40; A.L. 333-41; A.L. 333-42; A.L. 333-43; A.L. 333-44; A.L. 333-45; A.L. 333-46; A.L. 333-47; A.L. 333-48; A.L. 333-49; A.L. 333-5; A.L. 333-50; A.L. 333-51; A.L. 333-52; A.L. 333-54; A.L. 333-55; A.L. 333-56; A.L. 333-57; A.L. 333-58; A.L. 333-59; A.L. 333-6; A.L. 333-60; A.L. 333-61; A.L. 333-62; A.L. 333-63; A.L. 333-64; A.L. 333-65; A.L. 333-66; A.L. 333-67; A.L. 333-68; A.L. 333-69; A.L. 333-7; A.L. 333-70; A.L. 333-71; A.L. 333-72; A.L. 333-73; A.L. 333-74; A.L. 333-75; A.L. 333-76; A.L. 333-77; A.L. 333-78; A.L. 333-79; A.L. 333-8; A.L. 333-80; A.L. 333-81; A.L. 333-82; A.L. 333-83; A.L. 333-84; A.L. 333-85; A.L. 333-86; A.L. 333-87; A.L. 333-88; A.L. 333-89; A.L. 333-9; A.L. 333-90; A.L. 333-91; A.L. 333-93; A.L. 333-94; A.L. 333-95; A.L. 333-96; A.L. 333-97; A.L. 333-98; A.L. 333-99; A.L. 333n-2; A.L. 333n-3; A.L. 333w-1; A.L. 333w-10; A.L. 333w-11; A.L. 333w-12; A.L. 333w-14; A.L. 333w-16; A.L. 333w-17; A.L. 333w-18; A.L. 333w-19; A.L. 333w-2; A.L. 333w-20; A.L. 333w-21; A.L. 333w-22; A.L. 333w-23; A.L. 333w-25; A.L. 333w-26; A.L. 333w-27; A.L. 333w-28; A.L. 333w-29; A.L. 333w-3; A.L. 333w-30; A.L. 333w-31; A.L. 333w-32; A.L. 333w-33; A.L. 333w-34; A.L. 333w-35; A.L. 333w-36; A.L. 333w-37; A.L. 333w-38; A.L. 333w-39; A.L. 333w-4; A.L. 333w-40; A.L. 333w-41; A.L. 333w-42; A.L. 333w-43; A.L. 333w-44; A.L. 333w-45; A.L. 333w-46; A.L. 333w-47; A.L. 333w-48; A.L. 333w-5; A.L. 333w-50; A.L. 333w-51; A.L. 333w-52; A.L. 333w-53; A.L. 333w-54; A.L. 333w-55; A.L. 333w-56; A.L. 333w-57; A.L. 333w-58; A.L. 333w-59; A.L. 333w-6; A.L. 333w-60; A.L. 333w-7; A.L. 333w-8; A.L. 333w-9; A.L. 333x-1; A.L. 333x-12; A.L. 333x-13; A.L. 333x-14; A.L. 333x-15; A.L. 333x-17; A.L. 333x-18; A.L. 333x-2; A.L. 333x-20; A.L. 333x-21; A.L. 333x-25; A.L. 333x-26; A.L. 333x-3; A.L. 333x-4; A.L. 333x-5; A.L. 333x-6; A.L. 333x-9; A.L. 241-14; A.L. 366-1; A.L. 333-53; A.L. 333w-13; A.L. 333w-15; A.L. 333x-7; A.L. 333x-8
A.L. 176-35,Hadar,A.L. 176,DD-1 submember,3256000,3200000,A.L. 211-1; A.L. 322-1,A.L. 333-123; A.L. 333-124; A.L. 333-125; A.L. 333-126; A.L. 333-127; A.L. 333-128; A.L. 333-129; A.L. 333-130; A.L. 333-132; A.L. 333-134; A.L. 333-135; A.L. 333-165; A.L. 333-166; A.L. 333n-1; A.L. 333x-16; A.L. 620-1; A.L. 1044-1; A.L. 333-1; A.L. 333-10; A.L. 333-100; A.L. 333-101; A.L. 333-102; A.L. 333-103; A.L. 333-104; A.L. 333-105; A.L. 333-106; A.L. 333-107; A.L. 333-108; A.L. 333-109; A.L. 333-11; A.L. 333-110; A.L. 333-111; A.L. 333-112; A.L. 333-113; A.L. 333-114; A.L. 333-115; A.L. 333-116; A.L. 333-117; A.L. 333-118; A.L. 333-119; A.L. 333-12; A.L. 333-120; A.L. 333-121; A.L. 333-122; A.L. 333-13; A.L. 333-131; A.L. 333-14; A.L. 333-140; A.L. 333-141; A.L. 333-142; A.L. 333-144; A.L. 333-145; A.L. 333-147; A.L. 333-148; A.L. 333-149; A.L. 333-15; A.L. 333-150; A.L. 333-151; A.L. 333-152; A.L. 333-153; A.L. 333-154; A.L. 333-155; A.L. 333-156; A.L. 333-157; A.L. 333-158; A.L. 333-159; A.L. 333-16; A.L. 333-160; A.L. 333-161; A.L. 333-162; A.L. 333-163; A.L. 333-164; A.L. 333-167; A.L. 333-168; A.L. 333-17; A.L. 333-18; A.L. 333-19; A.L. 333-2; A.L. 333-20; A.L. 333-21; A.L. 333-22; A.L. 333-23; A.L. 333-24; A.L. 333-25; A.L. 333-26; A.L. 333-27; A.L. 333-28; A.L. 333-29; A.L. 333-3; A.L. 333-30; A.L. 333-31; A.L. 333-32; A.L. 333-33; A.L. 333-34; A.L. 333-35; A.L. 333-36; A.L. 333-37; A.L. 333-38; A.L. 333-39; A.L. 333-4; A.L. 333-40; A.L. 333-41; A.L. 333-42; A.L. 333-43; A.L. 333-44; A.L. 333-45; A.L. 333-46; A.L. 333-47; A.L. 333-48; A.L. 333-49; A.L. 333-5; A.L. 333-50; A.L. 333-51; A.L. 333-52; A.L. 333-54; A.L. 333-55; A.L. 333-56; A.L. 333-57; A.L. 333-58; A.L. 333-59; A.L. 333-6; A.L. 333-60; A.L. 333-61; A.L. 333-62; A.L. 333-63; A.L. 333-64; A.L. 333-65; A.L. 333-66; A.L. 333-67; A.L. 333-68; A.L. 333-69; A.L. 333-7; A.L. 333-70; A.L. 333-71; A.L. 333-72; A.L. 333-73; A.L. 333-74; A.L. 333-75; A.L. 333-76; A.L. 333-77; A.L. 333-78; A.L. 333-79; A.L. 333-8; A.L. 333-80; A.L. 333-81; A.L. 333-82; A.L. 333-83; A.L. 333-84; A.L. 333-85; A.L. 333-86; A.L. 333-87; A.L. 333-88; A.L. 333-89; A.L. 333-9; A.L. 333-90; A.L. 333-91; A.L. 333-93; A.L. 333-94; A.L. 333-95; A.L. 333-96; A.L. 333-97; A.L. 333-98; A.L. 333-99; A.L. 333n-2; A.L. 333n-3; A.L. 333w-1; A.L. 333w-10; A.L. 333w-11; A.L. 333w-12; A.L. 333w-14; A.L. 333w-16; A.L. 333w-17; A.L. 333w-18; A.L. 333w-19; A.L. 333w-2; A.L. 333w-20; A.L. 333w-21; A.L. 333w-22; A.L. 333w-23; A.L. 333w-25; A.L. 333w-26; A.L. 333w-27; A.L. 333w-28; A.L. 333w-29; A.L. 333w-3; A.L. 333w-30; A.L. 333w-31; A.L. 333w-32; A.L. 333w-33; A.L. 333w-34; A.L. 333w-35; A.L. 333w-36; A.L. 333w-37; A.L. 333w-38; A.L. 333w-39; A.L. 333w-4; A.L. 333w-40; A.L. 333w-41; A.L. 333w-42; A.L. 333w-43; A.L. 333w-44; A.L. 333w-45; A.L. 333w-46; A.L. 333w-47; A.L. 333w-48; A.L. 333w-5; A.L. 333w-50; A.L. 333w-51; A.L. 333w-52; A.L. 333w-53; A.L. 333w-54; A.L. 333w-55; A.L. 333w-56; A.L. 333w-57; A.L. 333w-58; A.L. 333w-59; A.L. 333w-6; A.L. 333w-60; A.L. 333w-7; A.L. 333w-8; A.L. 333w-9; A.L. 333x-1; A.L. 333x-12; A.L. 333x-13; A.L. 333x-14; A.L. 333x-15; A.L. 333x-17; A.L. 333x-18; A.L. 333x-2; A.L. 333x-20; A.L. 333x-21; A.L. 333x-25; A.L. 333x-26; A.L. 333x-3; A.L. 333x-4; A.L. 333x-5; A.L. 333x-6; A.L. 333x-9; A.L. 241-14; A.L. 366-1; A.L. 333-53; A.L. 333w-13; A.L. 333w-15; A.L. 333x-7; A.L. 333x-8
A.L. 161-40,Hadar,A.L. 161,"DD-1 submember, Hadar formation",3256000,3200000,A.L. 211-1; A.L. 322-1,A.L. 333-123; A.L. 333-124; A.L. 333-125; A.L. 333-126; A.L. 333-127; A.L. 333-128; A.L. 333-129; A.L. 333-130; A.L. 333-132; A.L. 333-134; A.L. 333-135; A.L. 333-165; A.L. 333-166; A.L. 333n-1; A.L. 333x-16; A.L. 620-1; A.L. 1044-1; A.L. 333-1; A.L. 333-10; A.L. 333-100; A.L. 333-101; A.L. 333-102; A.L. 333-103; A.L. 333-104; A.L. 333-105; A.L. 333-106; A.L. 333-107; A.L. 333-108; A.L. 333-109; A.L. 333-11; A.L. 333-110; A.L. 333-111; A.L. 333-112; A.L. 333-113; A.L. 333-114; A.L. 333-115; A.L. 333-116; A.L. 333-117; A.L. 333-118; A.L. 333-119; A.L. 333-12; A.L. 333-120; A.L. 333-121; A.L. 333-122; A.L. 333-13; A.L. 333-131; A.L. 333-14; A.L. 333-140; A.L. 333-141; A.L. 333-142; A.L. 333-144; A.L. 333-145; A.L. 333-147; A.L. 333-148; A.L. 333-149; A.L. 333-15; A.L. 333-150; A.L. 333-151; A.L. 333-152; A.L. 333-153; A.L. 333-154; A.L. 333-155; A.L. 333-156; A.L. 333-157; A.L. 333-158; A.L. 333-159; A.L. 333-16; A.L. 333-160; A.L. 333-161; A.L. 333-162; A.L. 333-163; A.L. 333-164; A.L. 333-167; A.L. 333-168; A.L. 333-17; A.L. 333-18; A.L. 333-19; A.L. 333-2; A.L. 333-20; A.L. 333-21; A.L. 333-22; A.L. 333-23; A.L. 333-24; A.L. 333-25; A.L. 333-26; A.L. 333-27; A.L. 333-28; A.L. 333-29; A.L. 333-3; A.L. 333-30; A.L. 333-31; A.L. 333-32; A.L. 333-33; A.L. 333-34; A.L. 333-35; A.L. 333-36; A.L. 333-37; A.L. 333-38; A.L. 333-39; A.L. 333-4; A.L. 333-40; A.L. 333-41; A.L. 333-42; A.L. 333-43; A.L. 333-44; A.L. 333-45; A.L. 333-46; A.L. 333-47; A.L. 333-48; A.L. 333-49; A.L. 333-5; A.L. 333-50; A.L. 333-51; A.L. 333-52; A.L. 333-54; A.L. 333-55; A.L. 333-56; A.L. 333-57; A.L. 333-58; A.L. 333-59; A.L. 333-6; A.L. 333-60; A.L. 333-61; A.L. 333-62; A.L. 333-63; A.L. 333-64; A.L. 333-65; A.L. 333-66; A.L. 333-67; A.L. 333-68; A.L. 333-69; A.L. 333-7; A.L. 333-70; A.L. 333-71; A.L. 333-72; A.L. 333-73; A.L. 333-74; A.L. 333-75; A.L. 333-76; A.L. 333-77; A.L. 333-78; A.L. 333-79; A.L. 333-8; A.L. 333-80; A.L. 333-81; A.L. 333-82; A.L. 333-83; A.L. 333-84; A.L. 333-85; A.L. 333-86; A.L. 333-87; A.L. 333-88; A.L. 333-89; A.L. 333-9; A.L. 333-90; A.L. 333-91; A.L. 333-93; A.L. 333-94; A.L. 333-95; A.L. 333-96; A.L. 333-97; A.L. 333-98; A.L. 333-99; A.L. 333n-2; A.L. 333n-3; A.L. 333w-1; A.L. 333w-10; A.L. 333w-11; A.L. 333w-12; A.L. 333w-14; A.L. 333w-16; A.L. 333w-17; A.L. 333w-18; A.L. 333w-19; A.L. 333w-2; A.L. 333w-20; A.L. 333w-21; A.L. 333w-22; A.L. 333w-23; A.L. 333w-25; A.L. 333w-26; A.L. 333w-27; A.L. 333w-28; A.L. 333w-29; A.L. 333w-3; A.L. 333w-30; A.L. 333w-31; A.L. 333w-32; A.L. 333w-33; A.L. 333w-34; A.L. 333w-35; A.L. 333w-36; A.L. 333w-37; A.L. 333w-38; A.L. 333w-39; A.L. 333w-4; A.L. 333w-40; A.L. 333w-41; A.L. 333w-42; A.L. 333w-43; A.L. 333w-44; A.L. 333w-45; A.L. 333w-46; A.L. 333w-47; A.L. 333w-48; A.L. 333w-5; A.L. 333w-50; A.L. 333w-51; A.L. 333w-52; A.L. 333w-53; A.L. 333w-54; A.L. 333w-55; A.L. 333w-56; A.L. 333w-57; A.L. 333w-58; A.L. 333w-59; A.L. 333w-6; A.L. 333w-60; A.L. 333w-7; A.L. 333w-8; A.L. 333w-9; A.L. 333x-1; A.L. 333x-12; A.L. 333x-13; A.L. 333x-14; A.L. 333x-15; A.L. 333x-17; A.L. 333x-18; A.L. 333x-2; A.L. 333x-20; A.L. 333x-21; A.L. 333x-25; A.L. 333x-26; A.L. 333x-3; A.L. 333x-4; A.L. 333x-5; A.L. 333x-6; A.L. 333x-9; A.L. 241-14; A.L. 366-1; A.L. 333-53; A.L. 333w-13; A.L. 333w-15; A.L. 333x-7; A.L. 333x-8
A.L. 207-13,Hadar,A.L. 207,"DD-1 submember, Hadar formation",3256000,3200000,A.L. 211-1; A.L. 322-1,A.L. 333-123; A.L. 333-124; A.L. 333-125; A.L. 333-126; A.L. 333-127; A.L. 333-128; A.L. 333-129; A.L. 333-130; A.L. 333-132; A.L. 333-134; A.L. 333-135; A.L. 333-165; A.L. 333-166; A.L. 333n-1; A.L. 333x-16; A.L. 620-1; A.L. 1044-1; A.L. 333-1; A.L. 333-10; A.L. 333-100; A.L. 333-101; A.L. 333-102; A.L. 333-103; A.L. 333-104; A.L. 333-105; A.L. 333-106; A.L. 333-107; A.L. 333-108; A.L. 333-109; A.L. 333-11; A.L. 333-110; A.L. 333-111; A.L. 333-112; A.L. 333-113; A.L. 333-114; A.L. 333-115; A.L. 333-116; A.L. 333-117; A.L. 333-118; A.L. 333-119; A.L. 333-12; A.L. 333-120; A.L. 333-121; A.L. 333-122; A.L. 333-13; A.L. 333-131; A.L. 333-14; A.L. 333-140; A.L. 333-141; A.L. 333-142; A.L. 333-144; A.L. 333-145; A.L. 333-147; A.L. 333-148; A.L. 333-149; A.L. 333-15; A.L. 333-150; A.L. 333-151; A.L. 333-152; A.L. 333-153; A.L. 333-154; A.L. 333-155; A.L. 333-156; A.L. 333-157; A.L. 333-158; A.L. 333-159; A.L. 333-16; A.L. 333-160; A.L. 333-161; A.L. 333-162; A.L. 333-163; A.L. 333-164; A.L. 333-167; A.L. 333-168; A.L. 333-17; A.L. 333-18; A.L. 333-19; A.L. 333-2; A.L. 333-20; A.L. 333-21; A.L. 333-22; A.L. 333-23; A.L. 333-24; A.L. 333-25; A.L. 333-26; A.L. 333-27; A.L. 333-28; A.L. 333-29; A.L. 333-3; A.L. 333-30; A.L. 333-31; A.L. 333-32; A.L. 333-33; A.L. 333-34; A.L. 333-35; A.L. 333-36; A.L. 333-37; A.L. 333-38; A.L. 333-39; A.L. 333-4; A.L. 333-40; A.L. 333-41; A.L. 333-42; A.L. 333-43; A.L. 333-44; A.L. 333-45; A.L. 333-46; A.L. 333-47; A.L. 333-48; A.L. 333-49; A.L. 333-5; A.L. 333-50; A.L. 333-51; A.L. 333-52; A.L. 333-54; A.L. 333-55; A.L. 333-56; A.L. 333-57; A.L. 333-58; A.L. 333-59; A.L. 333-6; A.L. 333-60; A.L. 333-61; A.L. 333-62; A.L. 333-63; A.L. 333-64; A.L. 333-65; A.L. 333-66; A.L. 333-67; A.L. 333-68; A.L. 333-69; A.L. 333-7; A.L. 333-70; A.L. 333-71; A.L. 333-72; A.L. 333-73; A.L. 333-74; A.L. 333-75; A.L. 333-76; A.L. 333-77; A.L. 333-78; A.L. 333-79; A.L. 333-8; A.L. 333-80; A.L. 333-81; A.L. 333-82; A.L. 333-83; A.L. 333-84; A.L. 333-85; A.L. 333-86; A.L. 333-87; A.L. 333-88; A.L. 333-89; A.L. 333-9; A.L. 333-90; A.L. 333-91; A.L. 333-93; A.L. 333-94; A.L. 333-95; A.L. 333-96; A.L. 333-97; A.L. 333-98; A.L. 333-99; A.L. 333n-2; A.L. 333n-3; A.L. 333w-1; A.L. 333w-10; A.L. 333w-11; A.L. 333w-12; A.L. 333w-14; A.L. 333w-16; A.L. 333w-17; A.L. 333w-18; A.L. 333w-19; A.L. 333w-2; A.L. 333w-20; A.L. 333w-21; A.L. 333w-22; A.L. 333w-23; A.L. 333w-25; A.L. 333w-26; A.L. 333w-27; A.L. 333w-28; A.L. 333w-29; A.L. 333w-3; A.L. 333w-30; A.L. 333w-31; A.L. 333w-32; A.L. 333w-33; A.L. 333w-34; A.L. 333w-35; A.L. 333w-36; A.L. 333w-37; A.L. 333w-38; A.L. 333w-39; A.L. 333w-4; A.L. 333w-40; A.L. 333w-41; A.L. 333w-42; A.L. 333w-43; A.L. 333w-44; A.L. 333w-45; A.L. 333w-46; A.L. 333w-47; A.L. 333w-48; A.L. 333w-5; A.L. 333w-50; A.L. 333w-51; A.L. 333w-52; A.L. 333w-53; A.L. 333w-54; A.L. 333w-55; A.L. 333w-56; A.L. 333w-57; A.L. 333w-58; A.L. 333w-59; A.L. 333w-6; A.L. 333w-60; A.L. 333w-7; A.L. 333w-8; A.L. 333w-9; A.L. 333x-1; A.L. 333x-12; A.L. 333x-13; A.L. 333x-14; A.L. 333x-15; A.L. 333x-17; A.L. 333x-18; A.L. 333x-2; A.L. 333x-20; A.L. 333x-21; A.L. 333x-25; A.L. 333x-26; A.L. 333x-3; A.L. 333x-4; A.L. 333x-5; A.L. 333x-6; A.L. 333x-9; A.L. 241-14; A.L. 366-1; A.L. 333-53; A.L. 333w-13; A.L. 333w-15; A.L. 333x-7; A.L. 333x-8
A.L. 58-22,Hadar,A.L. 58,"DD-1 submember, Hadar formation",3256000,3200000,A.L. 211-1; A.L. 322-1,A.L. 333-123; A.L. 333-124; A.L. 333-125; A.L. 333-126; A.L. 333-127; A.L. 333-128; A.L. 333-129; A.L. 333-130; A.L. 333-132; A.L. 333-134; A.L. 333-135; A.L. 333-165; A.L. 333-166; A.L. 333n-1; A.L. 333x-16; A.L. 620-1; A.L. 1044-1; A.L. 333-1; A.L. 333-10; A.L. 333-100; A.L. 333-101; A.L. 333-102; A.L. 333-103; A.L. 333-104; A.L. 333-105; A.L. 333-106; A.L. 333-107; A.L. 333-108; A.L. 333-109; A.L. 333-11; A.L. 333-110; A.L. 333-111; A.L. 333-112; A.L. 333-113; A.L. 333-114; A.L. 333-115; A.L. 333-116; A.L. 333-117; A.L. 333-118; A.L. 333-119; A.L. 333-12; A.L. 333-120; A.L. 333-121; A.L. 333-122; A.L. 333-13; A.L. 333-131; A.L. 333-14; A.L. 333-140; A.L. 333-141; A.L. 333-142; A.L. 333-144; A.L. 333-145; A.L. 333-147; A.L. 333-148; A.L. 333-149; A.L. 333-15; A.L. 333-150; A.L. 333-151; A.L. 333-152; A.L. 333-153; A.L. 333-154; A.L. 333-155; A.L. 333-156; A.L. 333-157; A.L. 333-158; A.L. 333-159; A.L. 333-16; A.L. 333-160; A.L. 333-161; A.L. 333-162; A.L. 333-163; A.L. 333-164; A.L. 333-167; A.L. 333-168; A.L. 333-17; A.L. 333-18; A.L. 333-19; A.L. 333-2; A.L. 333-20; A.L. 333-21; A.L. 333-22; A.L. 333-23; A.L. 333-24; A.L. 333-25; A.L. 333-26; A.L. 333-27; A.L. 333-28; A.L. 333-29; A.L. 333-3; A.L. 333-30; A.L. 333-31; A.L. 333-32; A.L. 333-33; A.L. 333-34; A.L. 333-35; A.L. 333-36; A.L. 333-37; A.L. 333-38; A.L. 333-39; A.L. 333-4; A.L. 333-40; A.L. 333-41; A.L. 333-42; A.L. 333-43; A.L. 333-44; A.L. 333-45; A.L. 333-46; A.L. 333-47; A.L. 333-48; A.L. 333-49; A.L. 333-5; A.L. 333-50; A.L. 333-51; A.L. 333-52; A.L. 333-54; A.L. 333-55; A.L. 333-56; A.L. 333-57; A.L. 333-58; A.L. 333-59; A.L. 333-6; A.L. 333-60; A.L. 333-61; A.L. 333-62; A.L. 333-63; A.L. 333-64; A.L. 333-65; A.L. 333-66; A.L. 333-67; A.L. 333-68; A.L. 333-69; A.L. 333-7; A.L. 333-70; A.L. 333-71; A.L. 333-72; A.L. 333-73; A.L. 333-74; A.L. 333-75; A.L. 333-76; A.L. 333-77; A.L. 333-78; A.L. 333-79; A.L. 333-8; A.L. 333-80; A.L. 333-81; A.L. 333-82; A.L. 333-83; A.L. 333-84; A.L. 333-85; A.L. 333-86; A.L. 333-87; A.L. 333-88; A.L. 333-89; A.L. 333-9; A.L. 333-90; A.L. 333-91; A.L. 333-93; A.L. 333-94; A.L. 333-95; A.L. 333-96; A.L. 333-97; A.L. 333-98; A.L. 333-99; A.L. 333n-2; A.L. 333n-3; A.L. 333w-1; A.L. 333w-10; A.L. 333w-11; A.L. 333w-12; A.L. 333w-14; A.L. 333w-16; A.L. 333w-17; A.L. 333w-18; A.L. 333w-19; A.L. 333w-2; A.L. 333w-20; A.L. 333w-21; A.L. 333w-22; A.L. 333w-23; A.L. 333w-25; A.L. 333w-26; A.L. 333w-27; A.L. 333w-28; A.L. 333w-29; A.L. 333w-3; A.L. 333w-30; A.L. 333w-31; A.L. 333w-32; A.L. 333w-33; A.L. 333w-34; A.L. 333w-35; A.L. 333w-36; A.L. 333w-37; A.L. 333w-38; A.L. 333w-39; A.L. 333w-4; A.L. 333w-40; A.L. 333w-41; A.L. 333w-42; A.L. 333w-43; A.L. 333w-44; A.L. 333w-45; A.L. 333w-46; A.L. 333w-47; A.L. 333w-48; A.L. 333w-5; A.L. 333w-50; A.L. 333w-51; A.L. 333w-52; A.L. 333w-53; A.L. 333w-54; A.L. 333w-55; A.L. 333w-56; A.L. 333w-57; A.L. 333w-58; A.L. 333w-59; A.L. 333w-6; A.L. 333w-60; A.L. 333w-7; A.L. 333w-8; A.L. 333w-9; A.L. 333x-1; A.L. 333x-12; A.L. 333x-13; A.L. 333x-14; A.L. 333x-15; A.L. 333x-17; A.L. 333x-18; A.L. 333x-2; A.L. 333x-20; A.L. 333x-21; A.L. 333x-25; A.L. 333x-26; A.L. 333x-3; A.L. 333x-4; A.L. 333x-5; A.L. 333x-6; A.L. 333x-9; A.L. 241-14; A.L. 366-1; A.L. 333-53; A.L. 333w-13; A.L. 333w-15; A.L. 333x-7; A.L. 333x-8
A.L. 545-3,Hadar,A.L. 545,DD-1/DD-2 submember,3256000,3200000,A.L. 211-1; A.L. 322-1,A.L. 309-8; A.L. 432-1; A.L. 486-1; A.L. 699-1
A.L. 333-123,Hadar,A.L. 333-333w,DD-2,3256000,3200000,A.L. 58-22b; A.L. 58-22; A.L. 176-35; A.L. 161-40; A.L. 207-13,A.L. 309-8; A.L. 432-1; A.L. 486-1; A.L. 699-1
A.L. 333-124,Hadar,A.L. 333-333w,DD-2,3256000,3200000,A.L. 58-22b; A.L. 58-22; A.L. 176-35; A.L. 161-40; A.L. 207-13,A.L. 309-8; A.L. 432-1; A.L. 486-1; A.L. 699-1
A.L. 333-125,Hadar,A.L. 333-333w,DD-2,3256000,3200000,A.L. 58-22b; A.L. 58-22; A.L. 176-35; A.L. 161-40; A.L. 207-13,A.L. 309-8; A.L. 432-1; A.L. 486-1; A.L. 699-1
A.L. 333-126,Hadar,A.L. 333-333w,DD-2,3256000,3200000,A.L. 58-22b; A.L. 58-22; A.L. 176-35; A.L. 161-40; A.L. 207-13,A.L. 309-8; A.L. 432-1; A.L. 486-1; A.L. 699-1
A.L. 333-127,Hadar,A.L. 333-333w,DD-2,3256000,3200000,A.L. 58-22b; A.L. 58-22; A.L. 176-35; A.L. 161-40; A.L. 207-13,A.L. 309-8; A.L. 432-1; A.L. 486-1; A.L. 699-1
A.L. 333-128,Hadar,A.L. 333-333w,DD-2,3256000,3200000,A.L. 58-22b; A.L. 58-22; A.L. 176-35; A.L. 161-40; A.L. 207-13,A.L. 309-8; A.L. 432-1; A.L. 486-1; A.L. 699-1
A.L. 333-129,Hadar,A.L. 333-333w,DD-2,3256000,3200000,A.L. 58-22b; A.L. 58-22; A.L. 176-35; A.L. 161-40; A.L. 207-13,A.L. 309-8; A.L. 432-1; A.L. 486-1; A.L. 699-1
A.L. 333-130,Hadar,A.L. 333-333w,DD-2,3256000,3200000,A.L. 58-22b; A.L. 58-22; A.L. 176-35; A.L. 161-40; A.L. 207-13,A.L. 309-8; A.L. 432-1; A.L. 486-1; A.L. 699-1
A.L. 333-132,Hadar,A.L. 333-333w,DD-2,3256000,3200000,A.L. 58-22b; A.L. 58-22; A.L. 176-35; A.L. 161-40; A.L. 207-13,A.L. 309-8; A.L. 432-1; A.L. 486-1; A.L. 699-1
A.L. 333-134,Hadar,A.L. 333-333w,DD-2,3256000,3200000,A.L. 58-22b; A.L. 58-22; A.L. 176-35; A.L. 161-40; A.L. 207-13,A.L. 309-8; A.L. 432-1; A.L. 486-1; A.L. 699-1
A.L. 333-135,Hadar,A.L. 333-333w,DD-2,3256000,3200000,A.L. 58-22b; A.L. 58-22; A.L. 176-35; A.L. 161-40; A.L. 207-13,A.L. 309-8; A.L. 432-1; A.L. 486-1; A.L. 699-1
A.L. 333-165,Hadar,A.L. 333-333w,DD-2,3256000,3200000,A.L. 58-22b; A.L. 58-22; A.L. 176-35; A.L. 161-40; A.L. 207-13,A.L. 309-8; A.L. 432-1; A.L. 486-1; A.L. 699-1
A.L. 333-166,Hadar,A.L. 333-333w,DD-2,3256000,3200000,A.L. 58-22b; A.L. 58-22; A.L. 176-35; A.L. 161-40; A.L. 207-13,A.L. 309-8; A.L. 432-1; A.L. 486-1; A.L. 699-1
A.L. 333n-1,Hadar,A.L. 333-333w,DD-2,3256000,3200000,A.L. 58-22b; A.L. 58-22; A.L. 176-35; A.L. 161-40; A.L. 207-13,A.L. 309-8; A.L. 432-1; A.L. 486-1; A.L. 699-1
A.L. 333x-16,Hadar,A.L. 333-333w,DD-2,3256000,3200000,A.L. 58-22b; A.L. 58-22; A.L. 176-35; A.L. 161-40; A.L. 207-13,A.L. 309-8; A.L. 432-1; A.L. 486-1; A.L. 699-1
A.L. 620-1,Hadar,A.L. 620,DD-2,3256000,3200000,A.L. 58-22b; A.L. 58-22; A.L. 176-35; A.L. 161-40; A.L. 207-13,A.L. 309-8; A.L. 432-1; A.L. 486-1; A.L. 699-1
A.L. 1044-1,Hadar,A.L. 1044,DD-2 submember,3256000,3200000,A.L. 58-22b; A.L. 58-22; A.L. 176-35; A.L. 161-40; A.L. 207-13,A.L. 309-8; A.L. 432-1; A.L. 486-1; A.L. 699-1
A.L. 333-1,Hadar,A.L. 333-333w,DD-2 submember,3256000,3200000,A.L. 58-22b; A.L. 58-22; A.L. 176-35; A.L. 161-40; A.L. 207-13,A.L. 309-8; A.L. 432-1; A.L. 486-1; A.L. 699-1
A.L. 333-10,Hadar,A.L. 333-333w,DD-2 submember,3256000,3200000,A.L. 58-22b; A.L. 58-22; A.L. 176-35; A.L. 161-40; A.L. 207-13,A.L. 309-8; A.L. 432-1; A.L. 486-1; A.L. 699-1
A.L. 333-100,Hadar,A.L. 333-333w,DD-2 submember,3256000,3200000,A.L. 58-22b; A.L. 58-22; A.L. 176-35; A.L. 161-40; A.L. 207-13,A.L. 309-8; A.L. 432-1; A.L. 486-1; A.L. 699-1
A.L. 333-101,Hadar,A.L. 333-333w,DD-2 submember,3256000,3200000,A.L. 58-22b; A.L. 58-22; A.L. 176-35; A.L. 161-40; A.L. 207-13,A.L. 309-8; A.L. 432-1; A.L. 486-1; A.L. 699-1
A.L. 333-102,Hadar,A.L. 333-333w,DD-2 submember,3256000,3200000,A.L. 58-22b; A.L. 58-22; A.L. 176-35; A.L. 161-40; A.L. 207-13,A.L. 309-8; A.L. 432-1; A.L. 486-1; A.L. 699-1
A.L. 333-103,Hadar,A.L. 333-333w,DD-2 submember,3256000,3200000,A.L. 58-22b; A.L. 58-22; A.L. 176-35; A.L. 161-40; A.L. 207-13,A.L. 309-8; A.L. 432-1; A.L. 486-1; A.L. 699-1
A.L. 333-104,Hadar,A.L. 333-333w,DD-2 submember,3256000,3200000,A.L. 58-22b; A.L. 58-22; A.L. 176-35; A.L. 161-40; A.L. 207-13,A.L. 309-8; A.L. 432-1; A.L. 486-1; A.L. 699-1
A.L. 333-105,Hadar,A.L. 333-333w,DD-2 submember,3256000,3200000,A.L. 58-22b; A.L. 58-22; A.L. 176-35; A.L. 161-40; A.L. 207-13,A.L. 309-8; A.L. 432-1; A.L. 486-1; A.L. 699-1
A.L. 333-106,Hadar,A.L. 333-333w,DD-2 submember,3256000,3200000,A.L. 58-22b; A.L. 58-22; A.L. 176-35; A.L. 161-40; A.L. 207-13,A.L. 309-8; A.L. 432-1; A.L. 486-1; A.L. 699-1
A.L. 333-107,Hadar,A.L. 333-333w,DD-2 submember,3256000,3200000,A.L. 58-22b; A.L. 58-22; A.L. 176-35; A.L. 161-40; A.L. 207-13,A.L. 309-8; A.L. 432-1; A.L. 486-1; A.L. 699-1
A.L. 333-108,Hadar,A.L. 333-333w,DD-2 submember,3256000,3200000,A.L. 58-22b; A.L. 58-22; A.L. 176-35; A.L. 161-40; A.L. 207-13,A.L. 309-8; A.L. 432-1; A.L. 486-1; A.L. 699-1
A.L. 333-109,Hadar,A.L. 333-333w,DD-2 submember,3256000,3200000,A.L. 58-22b; A.L. 58-22; A.L. 176-35; A.L. 161-40; A.L. 207-13,A.L. 309-8; A.L. 432-1; A.L. 486-1; A.L. 699-1
A.L. 333-11,Hadar,A.L. 333-333w,DD-2 submember,3256000,3200000,A.L. 58-22b; A.L. 58-22; A.L. 176-35; A.L. 161-40; A.L. 207-13,A.L. 309-8; A.L. 432-1; A.L. 486-1; A.L. 699-1
A.L. 333-110,Hadar,A.L. 333-333w,DD-2 submember,3256000,3200000,A.L. 58-22b; A.L. 58-22; A.L. 176-35; A.L. 161-40; A.L. 207-13,A.L. 309-8; A.L. 432-1; A.L. 486-1; A.L. 699-1
A.L. 333-111,Hadar,A.L. 333-333w,DD-2 submember,3256000,3200000,A.L. 58-22b; A.L. 58-22; A.L. 176-35; A.L. 161-40; A.L. 207-13,A.L. 309-8; A.L. 432-1; A.L. 486-1; A.L. 699-1
A.L. 333-112,Hadar,A.L. 333-333w,DD-2 submember,3256000,3200000,A.L. 58-22b; A.L. 58-22; A.L. 176-35; A.L. 161-40; A.L. 207-13,A.L. 309-8; A.L. 432-1; A.L. 486-1; A.L. 699-1
A.L. 333-113,Hadar,A.L. 333-333w,DD-2 submember,3256000,3200000,A.L. 58-22b; A.L. 58-22; A.L. 176-35; A.L. 161-40; A.L. 207-13,A.L. 309-8; A.L. 432-1; A.L. 486-1; A.L. 699-1
A.L. 333-114,Hadar,A.L. 333-333w,DD-2 submember,3256000,3200000,A.L. 58-22b; A.L. 58-22; A.L. 176-35; A.L. 161-40; A.L. 207-13,A.L. 309-8; A.L. 432-1; A.L. 486-1; A.L. 699-1
A.L. 333-115,Hadar,A.L. 333-333w,DD-2 submember,3256000,3200000,A.L. 58-22b; A.L. 58-22; A.L. 176-35; A.L. 161-40; A.L. 207-13,A.L. 309-8; A.L. 432-1; A.L. 486-1; A.L. 699-1
A.L. 333-116,Hadar,A.L. 333-333w,DD-2 submember,3256000,3200000,A.L. 58-22b; A.L. 58-22; A.L. 176-35; A.L. 161-40; A.L. 207-13,A.L. 309-8; A.L. 432-1; A.L. 486-1; A.L. 699-1
A.L. 333-117,Hadar,A.L. 333-333w,DD-2 submember,3256000,3200000,A.L. 58-22b; A.L. 58-22; A.L. 176-35; A.L. 161-40; A.L. 207-13,A.L. 309-8; A.L. 432-1; A.L. 486-1; A.L. 699-1
A.L. 333-118,Hadar,A.L. 333-333w,DD-2 submember,3256000,3200000,A.L. 58-22b; A.L. 58-22; A.L. 176-35; A.L. 161-40; A.L. 207-13,A.L. 309-8; A.L. 432-1; A.L. 486-1; A.L. 699-1
A.L. 333-119,Hadar,A.L. 333-333w,DD-2 submember,3256000,3200000,A.L. 58-22b; A.L. 58-22; A.L. 176-35; A.L. 161-40; A.L. 207-13,A.L. 309-8; A.L. 432-1; A.L. 486-1; A.L. 699-1
A.L. 333-12,Hadar,A.L. 333-333w,DD-2 submember,3256000,3200000,A.L. 58-22b; A.L. 58-22; A.L. 176-35; A.L. 161-40; A.L. 207-13,A.L. 309-8; A.L. 432-1; A.L. 486-1; A.L. 699-1
A.L. 333-120,Hadar,A.L. 333-333w,DD-2 submember,3256000,3200000,A.L. 58-22b; A.L. 58-22; A.L. 176-35; A.L. 161-40; A.L. 207-13,A.L. 309-8; A.L. 432-1; A.L. 486-1; A.L. 699-1
A.L. 333-121,Hadar,A.L. 333-333w,DD-2 submember,3256000,3200000,A.L. 58-22b; A.L. 58-22; A.L. 176-35; A.L. 161-40; A.L. 207-13,A.L. 309-8; A.L. 432-1; A.L. 486-1; A.L. 699-1
A.L. 333-122,Hadar,A.L. 333-333w,DD-2 submember,3256000,3200000,A.L. 58-22b; A.L. 58-22; A.L. 176-35; A.L. 161-40; A.L. 207-13,A.L. 309-8; A.L. 432-1; A.L. 486-1; A.L. 699-1
A.L. 333-13,Hadar,A.L. 333-333w,DD-2 submember,3256000,3200000,A.L. 58-22b; A.L. 58-22; A.L. 176-35; A.L. 161-40; A.L. 207-13,A.L. 309-8; A.L. 432-1; A.L. 486-1; A.L. 699-1
A.L. 333-131,Hadar,A.L. 333-333w,DD-2 submember,3256000,3200000,A.L. 58-22b; A.L. 58-22; A.L. 176-35; A.L. 161-40; A.L. 207-13,A.L. 309-8; A.L. 432-1; A.L. 486-1; A.L. 699-1
A.L. 333-14,Hadar,A.L. 333-333w,DD-2 submember,3256000,3200000,A.L. 58-22b; A.L. 58-22; A.L. 176-35; A.L. 161-40; A.L. 207-13,A.L. 309-8; A.L. 432-1; A.L. 486-1; A.L. 699-1
A.L. 333-140,Hadar,A.L. 333-333w,DD-2 submember,3256000,3200000,A.L. 58-22b; A.L. 58-22; A.L. 176-35; A.L. 161-40; A.L. 207-13,A.L. 309-8; A.L. 432-1; A.L. 486-1; A.L. 699-1
A.L. 333-141,Hadar,A.L. 333-333w,DD-2 submember,3256000,3200000,A.L. 58-22b; A.L. 58-22; A.L. 176-35; A.L. 161-40; A.L. 207-13,A.L. 309-8; A.L. 432-1; A.L. 486-1; A.L. 699-1
A.L. 333-142,Hadar,A.L. 333-333w,DD-2 submember,3256000,3200000,A.L. 58-22b; A.L. 58-22; A.L. 176-35; A.L. 161-40; A.L. 207-13,A.L. 309-8; A.L. 432-1; A.L. 486-1; A.L. 699-1
A.L. 333-144,Hadar,A.L. 333-333w,DD-2 submember,3256000,3200000,A.L. 58-22b; A.L. 58-22; A.L. 176-35; A.L. 161-40; A.L. 207-13,A.L. 309-8; A.L. 432-1; A.L. 486-1; A.L. 699-1
A.L. 333-145,Hadar,A.L. 333-333w,DD-2 submember,3256000,3200000,A.L. 58-22b; A.L. 58-22; A.L. 176-35; A.L. 161-40; A.L. 207-13,A.L. 309-8; A.L. 432-1; A.L. 486-1; A.L. 699-1
A.L. 333-147,Hadar,A.L. 333-333w,DD-2 submember,3256000,3200000,A.L. 58-22b; A.L. 58-22; A.L. 176-35; A.L. 161-40; A.L. 207-13,A.L. 309-8; A.L. 432-1; A.L. 486-1; A.L. 699-1
A.L. 333-148,Hadar,A.L. 333-333w,DD-2 submember,3256000,3200000,A.L. 58-22b; A.L. 58-22; A.L. 176-35; A.L. 161-40; A.L. 207-13,A.L. 309-8; A.L. 432-1; A.L. 486-1; A.L. 699-1
A.L. 333-149,Hadar,A.L. 333-333w,DD-2 submember,3256000,3200000,A.L. 58-22b; A.L. 58-22; A.L. 176-35; A.L. 161-40; A.L. 207-13,A.L. 309-8; A.L. 432-1; A.L. 486-1; A.L. 699-1
A.L. 333-15,Hadar,A.L. 333-333w,DD-2 submember,3256000,3200000,A.L. 58-22b; A.L. 58-22; A.L. 176-35; A.L. 161-40; A.L. 207-13,A.L. 309-8; A.L. 432-1; A.L. 486-1; A.L. 699-1
A.L. 333-150,Hadar,A.L. 333-333w,DD-2 submember,3256000,3200000,A.L. 58-22b; A.L. 58-22; A.L. 176-35; A.L. 161-40; A.L. 207-13,A.L. 309-8; A.L. 432-1; A.L. 486-1; A.L. 699-1
A.L. 333-151,Hadar,A.L. 333-333w,DD-2 submember,3256000,3200000,A.L. 58-22b; A.L. 58-22; A.L. 176-35; A.L. 161-40; A.L. 207-13,A.L. 309-8; A.L. 432-1; A.L. 486-1; A.L. 699-1
A.L. 333-152,Hadar,A.L. 333-333w,DD-2 submember,3256000,3200000,A.L. 58-22b; A.L. 58-22; A.L. 176-35; A.L. 161-40; A.L. 207-13,A.L. 309-8; A.L. 432-1; A.L. 486-1; A.L. 699-1
A.L. 333-153,Hadar,A.L. 333-333w,DD-2 submember,3256000,3200000,A.L. 58-22b; A.L. 58-22; A.L. 176-35; A.L. 161-40; A.L. 207-13,A.L. 309-8; A.L. 432-1; A.L. 486-1; A.L. 699-1
A.L. 333-154,Hadar,A.L. 333-333w,DD-2 submember,3256000,3200000,A.L. 58-22b; A.L. 58-22; A.L. 176-35; A.L. 161-40; A.L. 207-13,A.L. 309-8; A.L. 432-1; A.L. 486-1; A.L. 699-1
A.L. 333-155,Hadar,A.L. 333-333w,DD-2 submember,3256000,3200000,A.L. 58-22b; A.L. 58-22; A.L. 176-35; A.L. 161-40; A.L. 207-13,A.L. 309-8; A.L. 432-1; A.L. 486-1; A.L. 699-1
A.L. 333-156,Hadar,A.L. 333-333w,DD-2 submember,3256000,3200000,A.L. 58-22b; A.L. 58-22; A.L. 176-35; A.L. 161-40; A.L. 207-13,A.L. 309-8; A.L. 432-1; A.L. 486-1; A.L. 699-1
A.L. 333-157,Hadar,A.L. 333-333w,DD-2 submember,3256000,3200000,A.L. 58-22b; A.L. 58-22; A.L. 176-35; A.L. 161-40; A.L. 207-13,A.L. 309-8; A.L. 432-1; A.L. 486-1; A.L. 699-1
A.L. 333-158,Hadar,A.L. 333-333w,DD-2 submember,3256000,3200000,A.L. 58-22b; A.L. 58-22; A.L. 176-35; A.L. 161-40; A.L. 207-13,A.L. 309-8; A.L. 432-1; A.L. 486-1; A.L. 699-1
A.L. 333-159,Hadar,A.L. 333-333w,DD-2 submember,3256000,3200000,A.L. 58-22b; A.L. 58-22; A.L. 176-35; A.L. 161-40; A.L. 207-13,A.L. 309-8; A.L. 432-1; A.L. 486-1; A.L. 699-1
A.L. 333-16,Hadar,A.L. 333-333w,DD-2 submember,3256000,3200000,A.L. 58-22b; A.L. 58-22; A.L. 176-35; A.L. 161-40; A.L. 207-13,A.L. 309-8; A.L. 432-1; A.L. 486-1; A.L. 699-1
A.L. 333-160,Hadar,A.L. 333-333w,DD-2 submember,3256000,3200000,A.L. 58-22b; A.L. 58-22; A.L. 176-35; A.L. 161-40; A.L. 207-13,A.L. 309-8; A.L. 432-1; A.L. 486-1; A.L. 699-1
A.L. 333-161,Hadar,A.L. 333-333w,DD-2 submember,3256000,3200000,A.L. 58-22b; A.L. 58-22; A.L. 176-35; A.L. 161-40; A.L. 207-13,A.L. 309-8; A.L. 432-1; A.L. 486-1; A.L. 699-1
A.L. 333-162,Hadar,A.L. 333-333w,DD-2 submember,3256000,3200000,A.L. 58-22b; A.L. 58-22; A.L. 176-35; A.L. 161-40; A.L. 207-13,A.L. 309-8; A.L. 432-1; A.L. 486-1; A.L. 699-1
A.L. 333-163,Hadar,A.L. 333-333w,DD-2 submember,3256000,3200000,A.L. 58-22b; A.L. 58-22; A.L. 176-35; A.L. 161-40; A.L. 207-13,A.L. 309-8; A.L. 432-1; A.L. 486-1; A.L. 699-1
A.L. 333-164,Hadar,A.L. 333-333w,DD-2 submember,3256000,3200000,A.L. 58-22b; A.L. 58-22; A.L. 176-35; A.L. 161-40; A.L. 207-13,A.L. 309-8; A.L. 432-1; A.L. 486-1; A.L. 699-1
A.L. 333-167,Hadar,A.L. 333-333w,DD-2 submember,3256000,3200000,A.L. 58-22b; A.L. 58-22; A.L. 176-35; A.L. 161-40; A.L. 207-13,A.L. 309-8; A.L. 432-1; A.L. 486-1; A.L. 699-1
A.L. 333-168,Hadar,A.L. 333-333w,DD-2 submember,3256000,3200000,A.L. 58-22b; A.L. 58-22; A.L. 176-35; A.L. 161-40; A.L. 207-13,A.L. 309-8; A.L. 432-1; A.L. 486-1; A.L. 699-1
A.L. 333-17,Hadar,A.L. 333-333w,DD-2 submember,3256000,3200000,A.L. 58-22b; A.L. 58-22; A.L. 176-35; A.L. 161-40; A.L. 207-13,A.L. 309-8; A.L. 432-1; A.L. 486-1; A.L. 699-1
A.L. 333-18,Hadar,A.L. 333-333w,DD-2 submember,3256000,3200000,A.L. 58-22b; A.L. 58-22; A.L. 176-35; A.L. 161-40; A.L. 207-13,A.L. 309-8; A.L. 432-1; A.L. 486-1; A.L. 699-1
A.L. 333-19,Hadar,A.L. 333-333w,DD-2 submember,3256000,3200000,A.L. 58-22b; A.L. 58-22; A.L. 176-35; A.L. 161-40; A.L. 207-13,A.L. 309-8; A.L. 432-1; A.L. 486-1; A.L. 699-1
A.L. 333-2,Hadar,A.L. 333-333w,DD-2 submember,3256000,3200000,A.L. 58-22b; A.L. 58-22; A.L. 176-35; A.L. 161-40; A.L. 207-13,A.L. 309-8; A.L. 432-1; A.L. 486-1; A.L. 699-1
A.L. 333-20,Hadar,A.L. 333-333w,DD-2 submember,3256000,3200000,A.L. 58-22b; A.L. 58-22; A.L. 176-35; A.L. 161-40; A.L. 207-13,A.L. 309-8; A.L. 432-1; A.L. 486-1; A.L. 699-1
A.L. 333-21,Hadar,A.L. 333-333w,DD-2 submember,3256000,3200000,A.L. 58-22b; A.L. 58-22; A.L. 176-35; A.L. 161-40; A.L. 207-13,A.L. 309-8; A.L. 432-1; A.L. 486-1; A.L. 699-1
A.L. 333-22,Hadar,A.L. 333-333w,DD-2 submember,3256000,3200000,A.L. 58-22b; A.L. 58-22; A.L. 176-35; A.L. 161-40; A.L. 207-13,A.L. 309-8; A.L. 432-1; A.L. 486-1; A.L. 699-1
A.L. 333-23,Hadar,A.L. 333-333w,DD-2 submember,3256000,3200000,A.L. 58-22b; A.L. 58-22; A.L. 176-35; A.L. 161-40; A.L. 207-13,A.L. 309-8; A.L. 432-1; A.L. 486-1; A.L. 699-1
A.L. 333-24,Hadar,A.L. 333-333w,DD-2 submember,3256000,3200000,A.L. 58-22b; A.L. 58-22; A.L. 176-35; A.L. 161-40; A.L. 207-13,A.L. 309-8; A.L. 432-1; A.L. 486-1; A.L. 699-1
A.L. 333-25,Hadar,A.L. 333-333w,DD-2 submember,3256000,3200000,A.L. 58-22b; A.L. 58-22; A.L. 176-35; A.L. 161-40; A.L. 207-13,A.L. 309-8; A.L. 432-1; A.L. 486-1; A.L. 699-1
A.L. 333-26,Hadar,A.L. 333-333w,DD-2 submember,3256000,3200000,A.L. 58-22b; A.L. 58-22; A.L. 176-35; A.L. 161-40; A.L. 207-13,A.L. 309-8; A.L. 432-1; A.L. 486-1; A.L. 699-1
A.L. 333-27,Hadar,A.L. 333-333w,DD-2 submember,3256000,3200000,A.L. 58-22b; A.L. 58-22; A.L. 176-35; A.L. 161-40; A.L. 207-13,A.L. 309-8; A.L. 432-1; A.L. 486-1; A.L. 699-1
A.L. 333-28,Hadar,A.L. 333-333w,DD-2 submember,3256000,3200000,A.L. 58-22b; A.L. 58-22; A.L. 176-35; A.L. 161-40; A.L. 207-13,A.L. 309-8; A.L. 432-1; A.L. 486-1; A.L. 699-1
A.L. 333-29,Hadar,A.L. 333-333w,DD-2 submember,3256000,3200000,A.L. 58-22b; A.L. 58-22; A.L. 176-35; A.L. 161-40; A.L. 207-13,A.L. 309-8; A.L. 432-1; A.L. 486-1; A.L. 699-1
A.L. 333-3,Hadar,A.L. 333-333w,DD-2 submember,3256000,3200000,A.L. 58-22b; A.L. 58-22; A.L. 176-35; A.L. 161-40; A.L. 207-13,A.L. 309-8; A.L. 432-1; A.L. 486-1; A.L. 699-1
A.L. 333-30,Hadar,A.L. 333-333w,DD-2 submember,3256000,3200000,A.L. 58-22b; A.L. 58-22; A.L. 176-35; A.L. 161-40; A.L. 207-13,A.L. 309-8; A.L. 432-1; A.L. 486-1; A.L. 699-1
A.L. 333-31,Hadar,A.L. 333-333w,DD-2 submember,3256000,3200000,A.L. 58-22b; A.L. 58-22; A.L. 176-35; A.L. 161-40; A.L. 207-13,A.L. 309-8; A.L. 432-1; A.L. 486-1; A.L. 699-1
A.L. 333-32,Hadar,A.L. 333-333w,DD-2 submember,3256000,3200000,A.L. 58-22b; A.L. 58-22; A.L. 176-35; A.L. 161-40; A.L. 207-13,A.L. 309-8; A.L. 432-1; A.L. 486-1; A.L. 699-1
A.L. 333-33,Hadar,A.L. 333-333w,DD-2 submember,3256000,3200000,A.L. 58-22b; A.L. 58-22; A.L. 176-35; A.L. 161-40; A.L. 207-13,A.L. 309-8; A.L. 432-1; A.L. 486-1; A.L. 699-1
A.L. 333-34,Hadar,A.L. 333-333w,DD-2 submember,3256000,3200000,A.L. 58-22b; A.L. 58-22; A.L. 176-35; A.L. 161-40; A.L. 207-13,A.L. 309-8; A.L. 432-1; A.L. 486-1; A.L. 699-1
A.L. 333-35,Hadar,A.L. 333-333w,DD-2 submember,3256000,3200000,A.L. 58-22b; A.L. 58-22; A.L. 176-35; A.L. 161-40; A.L. 207-13,A.L. 309-8; A.L. 432-1; A.L. 486-1; A.L. 699-1
A.L. 333-36,Hadar,A.L. 333-333w,DD-2 submember,3256000,3200000,A.L. 58-22b; A.L. 58-22; A.L. 176-35; A.L. 161-40; A.L. 207-13,A.L. 309-8; A.L. 432-1; A.L. 486-1; A.L. 699-1
A.L. 333-37,Hadar,A.L. 333-333w,DD-2 submember,3256000,3200000,A.L. 58-22b; A.L. 58-22; A.L. 176-35; A.L. 161-40; A.L. 207-13,A.L. 309-8; A.L. 432-1; A.L. 486-1; A.L. 699-1
A.L. 333-38,Hadar,A.L. 333-333w,DD-2 submember,3256000,3200000,A.L. 58-22b; A.L. 58-22; A.L. 176-35; A.L. 161-40; A.L. 207-13,A.L. 309-8; A.L. 432-1; A.L. 486-1; A.L. 699-1
A.L. 333-39,Hadar,A.L. 333-333w,DD-2 submember,3256000,3200000,A.L. 58-22b; A.L. 58-22; A.L. 176-35; A.L. 161-40; A.L. 207-13,A.L. 309-8; A.L. 432-1; A.L. 486-1; A.L. 699-1
A.L. 333-4,Hadar,A.L. 333-333w,DD-2 submember,3256000,3200000,A.L. 58-22b; A.L. 58-22; A.L. 176-35; A.L. 161-40; A.L. 207-13,A.L. 309-8; A.L. 432-1; A.L. 486-1; A.L. 699-1
A.L. 333-40,Hadar,A.L. 333-333w,DD-2 submember,3256000,3200000,A.L. 58-22b; A.L. 58-22; A.L. 176-35; A.L. 161-40; A.L. 207-13,A.L. 309-8; A.L. 432-1; A.L. 486-1; A.L. 699-1
A.L. 333-41,Hadar,A.L. 333-333w,DD-2 submember,3256000,3200000,A.L. 58-22b; A.L. 58-22; A.L. 176-35; A.L. 161-40; A.L. 207-13,A.L. 309-8; A.L. 432-1; A.L. 486-1; A.L. 699-1
A.L. 333-42,Hadar,A.L. 333-333w,DD-2 submember,3256000,3200000,A.L. 58-22b; A.L. 58-22; A.L. 176-35; A.L. 161-40; A.L. 207-13,A.L. 309-8; A.L. 432-1; A.L. 486-1; A.L. 699-1
A.L. 333-43,Hadar,A.L. 333-333w,DD-2 submember,3256000,3200000,A.L. 58-22b; A.L. 58-22; A.L. 176-35; A.L. 161-40; A.L. 207-13,A.L. 309-8; A.L. 432-1; A.L. 486-1; A.L. 699-1
A.L. 333-44,Hadar,A.L. 333-333w,DD-2 submember,3256000,3200000,A.L. 58-22b; A.L. 58-22; A.L. 176-35; A.L. 161-40; A.L. 207-13,A.L. 309-8; A.L. 432-1; A.L. 486-1; A.L. 699-1
A.L. 333-45,Hadar,A.L. 333-333w,DD-2 submember,3256000,3200000,A.L. 58-22b; A.L. 58-22; A.L. 176-35; A.L. 161-40; A.L. 207-13,A.L. 309-8; A.L. 432-1; A.L. 486-1; A.L. 699-1
A.L. 333-46,Hadar,A.L. 333-333w,DD-2 submember,3256000,3200000,A.L. 58-22b; A.L. 58-22; A.L. 176-35; A.L. 161-40; A.L. 207-13,A.L. 309-8; A.L. 432-1; A.L. 486-1; A.L. 699-1
A.L. 333-47,Hadar,A.L. 333-333w,DD-2 submember,3256000,3200000,A.L. 58-22b; A.L. 58-22; A.L. 176-35; A.L. 161-40; A.L. 207-13,A.L. 309-8; A.L. 432-1; A.L. 486-1; A.L. 699-1
A.L. 333-48,Hadar,A.L. 333-333w,DD-2 submember,3256000,3200000,A.L. 58-22b; A.L. 58-22; A.L. 176-35; A.L. 161-40; A.L. 207-13,A.L. 309-8; A.L. 432-1; A.L. 486-1; A.L. 699-1
A.L. 333-49,Hadar,A.L. 333-333w,DD-2 submember,3256000,3200000,A.L. 58-22b; A.L. 58-22; A.L. 176-35; A.L. 161-40; A.L. 207-13,A.L. 309-8; A.L. 432-1; A.L. 486-1; A.L. 699-1
A.L. 333-5,Hadar,A.L. 333-333w,DD-2 submember,3256000,3200000,A.L. 58-22b; A.L. 58-22; A.L. 176-35; A.L. 161-40; A.L. 207-13,A.L. 309-8; A.L. 432-1; A.L. 486-1; A.L. 699-1
A.L. 333-50,Hadar,A.L. 333-333w,DD-2 submember,3256000,3200000,A.L. 58-22b; A.L. 58-22; A.L. 176-35; A.L. 161-40; A.L. 207-13,A.L. 309-8; A.L. 432-1; A.L. 486-1; A.L. 699-1
A.L. 333-51,Hadar,A.L. 333-333w,DD-2 submember,3256000,3200000,A.L. 58-22b; A.L. 58-22; A.L. 176-35; A.L. 161-40; A.L. 207-13,A.L. 309-8; A.L. 432-1; A.L. 486-1; A.L. 699-1
A.L. 333-52,Hadar,A.L. 333-333w,DD-2 submember,3256000,3200000,A.L. 58-22b; A.L. 58-22; A.L. 176-35; A.L. 161-40; A.L. 207-13,A.L. 309-8; A.L. 432-1; A.L. 486-1; A.L. 699-1
A.L. 333-54,Hadar,A.L. 333-333w,DD-2 submember,3256000,3200000,A.L. 58-22b; A.L. 58-22; A.L. 176-35; A.L. 161-40; A.L. 207-13,A.L. 309-8; A.L. 432-1; A.L. 486-1; A.L. 699-1
A.L. 333-55,Hadar,A.L. 333-333w,DD-2 submember,3256000,3200000,A.L. 58-22b; A.L. 58-22; A.L. 176-35; A.L. 161-40; A.L. 207-13,A.L. 309-8; A.L. 432-1; A.L. 486-1; A.L. 699-1
A.L. 333-56,Hadar,A.L. 333-333w,DD-2 submember,3256000,3200000,A.L. 58-22b; A.L. 58-22; A.L. 176-35; A.L. 161-40; A.L. 207-13,A.L. 309-8; A.L. 432-1; A.L. 486-1; A.L. 699-1
A.L. 333-57,Hadar,A.L. 333-333w,DD-2 submember,3256000,3200000,A.L. 58-22b; A.L. 58-22; A.L. 176-35; A.L. 161-40; A.L. 207-13,A.L. 309-8; A.L. 432-1; A.L. 486-1; A.L. 699-1
A.L. 333-58,Hadar,A.L. 333-333w,DD-2 submember,3256000,3200000,A.L. 58-22b; A.L. 58-22; A.L. 176-35; A.L. 161-40; A.L. 207-13,A.L. 309-8; A.L. 432-1; A.L. 486-1; A.L. 699-1
A.L. 333-59,Hadar,A.L. 333-333w,DD-2 submember,3256000,3200000,A.L. 58-22b; A.L. 58-22; A.L. 176-35; A.L. 161-40; A.L. 207-13,A.L. 309-8; A.L. 432-1; A.L. 486-1; A.L. 699-1
A.L. 333-6,Hadar,A.L. 333-333w,DD-2 submember,3256000,3200000,A.L. 58-22b; A.L. 58-22; A.L. 176-35; A.L. 161-40; A.L. 207-13,A.L. 309-8; A.L. 432-1; A.L. 486-1; A.L. 699-1
A.L. 333-60,Hadar,A.L. 333-333w,DD-2 submember,3256000,3200000,A.L. 58-22b; A.L. 58-22; A.L. 176-35; A.L. 161-40; A.L. 207-13,A.L. 309-8; A.L. 432-1; A.L. 486-1; A.L. 699-1
A.L. 333-61,Hadar,A.L. 333-333w,DD-2 submember,3256000,3200000,A.L. 58-22b; A.L. 58-22; A.L. 176-35; A.L. 161-40; A.L. 207-13,A.L. 309-8; A.L. 432-1; A.L. 486-1; A.L. 699-1
A.L. 333-62,Hadar,A.L. 333-333w,DD-2 submember,3256000,3200000,A.L. 58-22b; A.L. 58-22; A.L. 176-35; A.L. 161-40; A.L. 207-13,A.L. 309-8; A.L. 432-1; A.L. 486-1; A.L. 699-1
A.L. 333-63,Hadar,A.L. 333-333w,DD-2 submember,3256000,3200000,A.L. 58-22b; A.L. 58-22; A.L. 176-35; A.L. 161-40; A.L. 207-13,A.L. 309-8; A.L. 432-1; A.L. 486-1; A.L. 699-1
A.L. 333-64,Hadar,A.L. 333-333w,DD-2 submember,3256000,3200000,A.L. 58-22b; A.L. 58-22; A.L. 176-35; A.L. 161-40; A.L. 207-13,A.L. 309-8; A.L. 432-1; A.L. 486-1; A.L. 699-1
A.L. 333-65,Hadar,A.L. 333-333w,DD-2 submember,3256000,3200000,A.L. 58-22b; A.L. 58-22; A.L. 176-35; A.L. 161-40; A.L. 207-13,A.L. 309-8; A.L. 432-1; A.L. 486-1; A.L. 699-1
A.L. 333-66,Hadar,A.L. 333-333w,DD-2 submember,3256000,3200000,A.L. 58-22b; A.L. 58-22; A.L. 176-35; A.L. 161-40; A.L. 207-13,A.L. 309-8; A.L. 432-1; A.L. 486-1; A.L. 699-1
A.L. 333-67,Hadar,A.L. 333-333w,DD-2 submember,3256000,3200000,A.L. 58-22b; A.L. 58-22; A.L. 176-35; A.L. 161-40; A.L. 207-13,A.L. 309-8; A.L. 432-1; A.L. 486-1; A.L. 699-1
A.L. 333-68,Hadar,A.L. 333-333w,DD-2 submember,3256000,3200000,A.L. 58-22b; A.L. 58-22; A.L. 176-35; A.L. 161-40; A.L. 207-13,A.L. 309-8; A.L. 432-1; A.L. 486-1; A.L. 699-1
A.L. 333-69,Hadar,A.L. 333-333w,DD-2 submember,3256000,3200000,A.L. 58-22b; A.L. 58-22; A.L. 176-35; A.L. 161-40; A.L. 207-13,A.L. 309-8; A.L. 432-1; A.L. 486-1; A.L. 699-1
A.L. 333-7,Hadar,A.L. 333-333w,DD-2 submember,3256000,3200000,A.L. 58-22b; A.L. 58-22; A.L. 176-35; A.L. 161-40; A.L. 207-13,A.L. 309-8; A.L. 432-1; A.L. 486-1; A.L. 699-1
A.L. 333-70,Hadar,A.L. 333-333w,DD-2 submember,3256000,3200000,A.L. 58-22b; A.L. 58-22; A.L. 176-35; A.L. 161-40; A.L. 207-13,A.L. 309-8; A.L. 432-1; A.L. 486-1; A.L. 699-1
A.L. 333-71,Hadar,A.L. 333-333w,DD-2 submember,3256000,3200000,A.L. 58-22b; A.L. 58-22; A.L. 176-35; A.L. 161-40; A.L. 207-13,A.L. 309-8; A.L. 432-1; A.L. 486-1; A.L. 699-1
A.L. 333-72,Hadar,A.L. 333-333w,DD-2 submember,3256000,3200000,A.L. 58-22b; A.L. 58-22; A.L. 176-35; A.L. 161-40; A.L. 207-13,A.L. 309-8; A.L. 432-1; A.L. 486-1; A.L. 699-1
A.L. 333-73,Hadar,A.L. 333-333w,DD-2 submember,3256000,3200000,A.L. 58-22b; A.L. 58-22; A.L. 176-35; A.L. 161-40; A.L. 207-13,A.L. 309-8; A.L. 432-1; A.L. 486-1; A.L. 699-1
A.L. 333-74,Hadar,A.L. 333-333w,DD-2 submember,3256000,3200000,A.L. 58-22b; A.L. 58-22; A.L. 176-35; A.L. 161-40; A.L. 207-13,A.L. 309-8; A.L. 432-1; A.L. 486-1; A.L. 699-1
A.L. 333-75,Hadar,A.L. 333-333w,DD-2 submember,3256000,3200000,A.L. 58-22b; A.L. 58-22; A.L. 176-35; A.L. 161-40; A.L. 207-13,A.L. 309-8; A.L. 432-1; A.L. 486-1; A.L. 699-1
A.L. 333-76,Hadar,A.L. 333-333w,DD-2 submember,3256000,3200000,A.L. 58-22b; A.L. 58-22; A.L. 176-35; A.L. 161-40; A.L. 207-13,A.L. 309-8; A.L. 432-1; A.L. 486-1; A.L. 699-1
A.L. 333-77,Hadar,A.L. 333-333w,DD-2 submember,3256000,3200000,A.L. 58-22b; A.L. 58-22; A.L. 176-35; A.L. 161-40; A.L. 207-13,A.L. 309-8; A.L. 432-1; A.L. 486-1; A.L. 699-1
A.L. 333-78,Hadar,A.L. 333-333w,DD-2 submember,3256000,3200000,A.L. 58-22b; A.L. 58-22; A.L. 176-35; A.L. 161-40; A.L. 207-13,A.L. 309-8; A.L. 432-1; A.L. 486-1; A.L. 699-1
A.L. 333-79,Hadar,A.L. 333-333w,DD-2 submember,3256000,3200000,A.L. 58-22b; A.L. 58-22; A.L. 176-35; A.L. 161-40; A.L. 207-13,A.L. 309-8; A.L. 432-1; A.L. 486-1; A.L. 699-1
A.L. 333-8,Hadar,A.L. 333-333w,DD-2 submember,3256000,3200000,A.L. 58-22b; A.L. 58-22; A.L. 176-35; A.L. 161-40; A.L. 207-13,A.L. 309-8; A.L. 432-1; A.L. 486-1; A.L. 699-1
A.L. 333-80,Hadar,A.L. 333-333w,DD-2 submember,3256000,3200000,A.L. 58-22b; A.L. 58-22; A.L. 176-35; A.L. 161-40; A.L. 207-13,A.L. 309-8; A.L. 432-1; A.L. 486-1; A.L. 699-1
A.L. 333-81,Hadar,A.L. 333-333w,DD-2 submember,3256000,3200000,A.L. 58-22b; A.L. 58-22; A.L. 176-35; A.L. 161-40; A.L. 207-13,A.L. 309-8; A.L. 432-1; A.L. 486-1; A.L. 699-1
A.L. 333-82,Hadar,A.L. 333-333w,DD-2 submember,3256000,3200000,A.L. 58-22b; A.L. 58-22; A.L. 176-35; A.L. 161-40; A.L. 207-13,A.L. 309-8; A.L. 432-1; A.L. 486-1; A.L. 699-1
A.L. 333-83,Hadar,A.L. 333-333w,DD-2 submember,3256000,3200000,A.L. 58-22b; A.L. 58-22; A.L. 176-35; A.L. 161-40; A.L. 207-13,A.L. 309-8; A.L. 432-1; A.L. 486-1; A.L. 699-1
A.L. 333-84,Hadar,A.L. 333-333w,DD-2 submember,3256000,3200000,A.L. 58-22b; A.L. 58-22; A.L. 176-35; A.L. 161-40; A.L. 207-13,A.L. 309-8; A.L. 432-1; A.L. 486-1; A.L. 699-1
A.L. 333-85,Hadar,A.L. 333-333w,DD-2 submember,3256000,3200000,A.L. 58-22b; A.L. 58-22; A.L. 176-35; A.L. 161-40; A.L. 207-13,A.L. 309-8; A.L. 432-1; A.L. 486-1; A.L. 699-1
A.L. 333-86,Hadar,A.L. 333-333w,DD-2 submember,3256000,3200000,A.L. 58-22b; A.L. 58-22; A.L. 176-35; A.L. 161-40; A.L. 207-13,A.L. 309-8; A.L. 432-1; A.L. 486-1; A.L. 699-1
A.L. 333-87,Hadar,A.L. 333-333w,DD-2 submember,3256000,3200000,A.L. 58-22b; A.L. 58-22; A.L. 176-35; A.L. 161-40; A.L. 207-13,A.L. 309-8; A.L. 432-1; A.L. 486-1; A.L. 699-1
A.L. 333-88,Hadar,A.L. 333-333w,DD-2 submember,3256000,3200000,A.L. 58-22b; A.L. 58-22; A.L. 176-35; A.L. 161-40; A.L. 207-13,A.L. 309-8; A.L. 432-1; A.L. 486-1; A.L. 699-1
A.L. 333-89,Hadar,A.L. 333-333w,DD-2 submember,3256000,3200000,A.L. 58-22b; A.L. 58-22; A.L. 176-35; A.L. 161-40; A.L. 207-13,A.L. 309-8; A.L. 432-1; A.L. 486-1; A.L. 699-1
A.L. 333-9,Hadar,A.L. 333-333w,DD-2 submember,3256000,3200000,A.L. 58-22b; A.L. 58-22; A.L. 176-35; A.L. 161-40; A.L. 207-13,A.L. 309-8; A.L. 432-1; A.L. 486-1; A.L. 699-1
A.L. 333-90,Hadar,A.L. 333-333w,DD-2 submember,3256000,3200000,A.L. 58-22b; A.L. 58-22; A.L. 176-35; A.L. 161-40; A.L. 207-13,A.L. 309-8; A.L. 432-1; A.L. 486-1; A.L. 699-1
A.L. 333-91,Hadar,A.L. 333-333w,DD-2 submember,3256000,3200000,A.L. 58-22b; A.L. 58-22; A.L. 176-35; A.L. 161-40; A.L. 207-13,A.L. 309-8; A.L. 432-1; A.L. 486-1; A.L. 699-1
A.L. 333-93,Hadar,A.L. 333-333w,DD-2 submember,3256000,3200000,A.L. 58-22b; A.L. 58-22; A.L. 176-35; A.L. 161-40; A.L. 207-13,A.L. 309-8; A.L. 432-1; A.L. 486-1; A.L. 699-1
A.L. 333-94,Hadar,A.L. 333-333w,DD-2 submember,3256000,3200000,A.L. 58-22b; A.L. 58-22; A.L. 176-35; A.L. 161-40; A.L. 207-13,A.L. 309-8; A.L. 432-1; A.L. 486-1; A.L. 699-1
A.L. 333-95,Hadar,A.L. 333-333w,DD-2 submember,3256000,3200000,A.L. 58-22b; A.L. 58-22; A.L. 176-35; A.L. 161-40; A.L. 207-13,A.L. 309-8; A.L. 432-1; A.L. 486-1; A.L. 699-1
A.L. 333-96,Hadar,A.L. 333-333w,DD-2 submember,3256000,3200000,A.L. 58-22b; A.L. 58-22; A.L. 176-35; A.L. 161-40; A.L. 207-13,A.L. 309-8; A.L. 432-1; A.L. 486-1; A.L. 699-1
A.L. 333-97,Hadar,A.L. 333-333w,DD-2 submember,3256000,3200000,A.L. 58-22b; A.L. 58-22; A.L. 176-35; A.L. 161-40; A.L. 207-13,A.L. 309-8; A.L. 432-1; A.L. 486-1; A.L. 699-1
A.L. 333-98,Hadar,A.L. 333-333w,DD-2 submember,3256000,3200000,A.L. 58-22b; A.L. 58-22; A.L. 176-35; A.L. 161-40; A.L. 207-13,A.L. 309-8; A.L. 432-1; A.L. 486-1; A.L. 699-1
A.L. 333-99,Hadar,A.L. 333-333w,DD-2 submember,3256000,3200000,A.L. 58-22b; A.L. 58-22; A.L. 176-35; A.L. 161-40; A.L. 207-13,A.L. 309-8; A.L. 432-1; A.L. 486-1; A.L. 699-1
A.L. 333n-2,Hadar,A.L. 333-333w,DD-2 submember,3256000,3200000,A.L. 58-22b; A.L. 58-22; A.L. 176-35; A.L. 161-40; A.L. 207-13,A.L. 309-8; A.L. 432-1; A.L. 486-1; A.L. 699-1
A.L. 333n-3,Hadar,A.L. 333-333w,DD-2 submember,3256000,3200000,A.L. 58-22b; A.L. 58-22; A.L. 176-35; A.L. 161-40; A.L. 207-13,A.L. 309-8; A.L. 432-1; A.L. 486-1; A.L. 699-1
A.L. 333w-1,Hadar,A.L. 333-333w,DD-2 submember,3256000,3200000,A.L. 58-22b; A.L. 58-22; A.L. 176-35; A.L. 161-40; A.L. 207-13,A.L. 309-8; A.L. 432-1; A.L. 486-1; A.L. 699-1
A.L. 333w-10,Hadar,A.L. 333-333w,DD-2 submember,3256000,3200000,A.L. 58-22b; A.L. 58-22; A.L. 176-35; A.L. 161-40; A.L. 207-13,A.L. 309-8; A.L. 432-1; A.L. 486-1; A.L. 699-1
A.L. 333w-11,Hadar,A.L. 333-333w,DD-2 submember,3256000,3200000,A.L. 58-22b; A.L. 58-22; A.L. 176-35; A.L. 161-40; A.L. 207-13,A.L. 309-8; A.L. 432-1; A.L. 486-1; A.L. 699-1
A.L. 333w-12,Hadar,A.L. 333-333w,DD-2 submember,3256000,3200000,A.L. 58-22b; A.L. 58-22; A.L. 176-35; A.L. 161-40; A.L. 207-13,A.L. 309-8; A.L. 432-1; A.L. 486-1; A.L. 699-1
A.L. 333w-14,Hadar,A.L. 333-333w,DD-2 submember,3256000,3200000,A.L. 58-22b; A.L. 58-22; A.L. 176-35; A.L. 161-40; A.L. 207-13,A.L. 309-8; A.L. 432-1; A.L. 486-1; A.L. 699-1
A.L. 333w-16,Hadar,A.L. 333-333w,DD-2 submember,3256000,3200000,A.L. 58-22b; A.L. 58-22; A.L. 176-35; A.L. 161-40; A.L. 207-13,A.L. 309-8; A.L. 432-1; A.L. 486-1; A.L. 699-1
A.L. 333w-17,Hadar,A.L. 333-333w,DD-2 submember,3256000,3200000,A.L. 58-22b; A.L. 58-22; A.L. 176-35; A.L. 161-40; A.L. 207-13,A.L. 309-8; A.L. 432-1; A.L. 486-1; A.L. 699-1
A.L. 333w-18,Hadar,A.L. 333-333w,DD-2 submember,3256000,3200000,A.L. 58-22b; A.L. 58-22; A.L. 176-35; A.L. 161-40; A.L. 207-13,A.L. 309-8; A.L. 432-1; A.L. 486-1; A.L. 699-1
A.L. 333w-19,Hadar,A.L. 333-333w,DD-2 submember,3256000,3200000,A.L. 58-22b; A.L. 58-22; A.L. 176-35; A.L. 161-40; A.L. 207-13,A.L. 309-8; A.L. 432-1; A.L. 486-1; A.L. 699-1
A.L. 333w-2,Hadar,A.L. 333-333w,DD-2 submember,3256000,3200000,A.L. 58-22b; A.L. 58-22; A.L. 176-35; A.L. 161-40; A.L. 207-13,A.L. 309-8; A.L. 432-1; A.L. 486-1; A.L. 699-1
A.L. 333w-20,Hadar,A.L. 333-333w,DD-2 submember,3256000,3200000,A.L. 58-22b; A.L. 58-22; A.L. 176-35; A.L. 161-40; A.L. 207-13,A.L. 309-8; A.L. 432-1; A.L. 486-1; A.L. 699-1
A.L. 333w-21,Hadar,A.L. 333-333w,DD-2 submember,3256000,3200000,A.L. 58-22b; A.L. 58-22; A.L. 176-35; A.L. 161-40; A.L. 207-13,A.L. 309-8; A.L. 432-1; A.L. 486-1; A.L. 699-1
A.L. 333w-22,Hadar,A.L. 333-333w,DD-2 submember,3256000,3200000,A.L. 58-22b; A.L. 58-22; A.L. 176-35; A.L. 161-40; A.L. 207-13,A.L. 309-8; A.L. 432-1; A.L. 486-1; A.L. 699-1
A.L. 333w-23,Hadar,A.L. 333-333w,DD-2 submember,3256000,3200000,A.L. 58-22b; A.L. 58-22; A.L. 176-35; A.L. 161-40; A.L. 207-13,A.L. 309-8; A.L. 432-1; A.L. 486-1; A.L. 699-1
A.L. 333w-25,Hadar,A.L. 333-333w,DD-2 submember,3256000,3200000,A.L. 58-22b; A.L. 58-22; A.L. 176-35; A.L. 161-40; A.L. 207-13,A.L. 309-8; A.L. 432-1; A.L. 486-1; A.L. 699-1
A.L. 333w-26,Hadar,A.L. 333-333w,DD-2 submember,3256000,3200000,A.L. 58-22b; A.L. 58-22; A.L. 176-35; A.L. 161-40; A.L. 207-13,A.L. 309-8; A.L. 432-1; A.L. 486-1; A.L. 699-1
A.L. 333w-27,Hadar,A.L. 333-333w,DD-2 submember,3256000,3200000,A.L. 58-22b; A.L. 58-22; A.L. 176-35; A.L. 161-40; A.L. 207-13,A.L. 309-8; A.L. 432-1; A.L. 486-1; A.L. 699-1
A.L. 333w-28,Hadar,A.L. 333-333w,DD-2 submember,3256000,3200000,A.L. 58-22b; A.L. 58-22; A.L. 176-35; A.L. 161-40; A.L. 207-13,A.L. 309-8; A.L. 432-1; A.L. 486-1; A.L. 699-1
A.L. 333w-29,Hadar,A.L. 333-333w,DD-2 submember,3256000,3200000,A.L. 58-22b; A.L. 58-22; A.L. 176-35; A.L. 161-40; A.L. 207-13,A.L. 309-8; A.L. 432-1; A.L. 486-1; A.L. 699-1
A.L. 333w-3,Hadar,A.L. 333-333w,DD-2 submember,3256000,3200000,A.L. 58-22b; A.L. 58-22; A.L. 176-35; A.L. 161-40; A.L. 207-13,A.L. 309-8; A.L. 432-1; A.L. 486-1; A.L. 699-1
A.L. 333w-30,Hadar,A.L. 333-333w,DD-2 submember,3256000,3200000,A.L. 58-22b; A.L. 58-22; A.L. 176-35; A.L. 161-40; A.L. 207-13,A.L. 309-8; A.L. 432-1; A.L. 486-1; A.L. 699-1
A.L. 333w-31,Hadar,A.L. 333-333w,DD-2 submember,3256000,3200000,A.L. 58-22b; A.L. 58-22; A.L. 176-35; A.L. 161-40; A.L. 207-13,A.L. 309-8; A.L. 432-1; A.L. 486-1; A.L. 699-1
A.L. 333w-32,Hadar,A.L. 333-333w,DD-2 submember,3256000,3200000,A.L. 58-22b; A.L. 58-22; A.L. 176-35; A.L. 161-40; A.L. 207-13,A.L. 309-8; A.L. 432-1; A.L. 486-1; A.L. 699-1
A.L. 333w-33,Hadar,A.L. 333-333w,DD-2 submember,3256000,3200000,A.L. 58-22b; A.L. 58-22; A.L. 176-35; A.L. 161-40; A.L. 207-13,A.L. 309-8; A.L. 432-1; A.L. 486-1; A.L. 699-1
A.L. 333w-34,Hadar,A.L. 333-333w,DD-2 submember,3256000,3200000,A.L. 58-22b; A.L. 58-22; A.L. 176-35; A.L. 161-40; A.L. 207-13,A.L. 309-8; A.L. 432-1; A.L. 486-1; A.L. 699-1
A.L. 333w-35,Hadar,A.L. 333-333w,DD-2 submember,3256000,3200000,A.L. 58-22b; A.L. 58-22; A.L. 176-35; A.L. 161-40; A.L. 207-13,A.L. 309-8; A.L. 432-1; A.L. 486-1; A.L. 699-1
A.L. 333w-36,Hadar,A.L. 333-333w,DD-2 submember,3256000,3200000,A.L. 58-22b; A.L. 58-22; A.L. 176-35; A.L. 161-40; A.L. 207-13,A.L. 309-8; A.L. 432-1; A.L. 486-1; A.L. 699-1
A.L. 333w-37,Hadar,A.L. 333-333w,DD-2 submember,3256000,3200000,A.L. 58-22b; A.L. 58-22; A.L. 176-35; A.L. 161-40; A.L. 207-13,A.L. 309-8; A.L. 432-1; A.L. 486-1; A.L. 699-1
A.L. 333w-38,Hadar,A.L. 333-333w,DD-2 submember,3256000,3200000,A.L. 58-22b; A.L. 58-22; A.L. 176-35; A.L. 161-40; A.L. 207-13,A.L. 309-8; A.L. 432-1; A.L. 486-1; A.L. 699-1
A.L. 333w-39,Hadar,A.L. 333-333w,DD-2 submember,3256000,3200000,A.L. 58-22b; A.L. 58-22; A.L. 176-35; A.L. 161-40; A.L. 207-13,A.L. 309-8; A.L. 432-1; A.L. 486-1; A.L. 699-1
A.L. 333w-4,Hadar,A.L. 333-333w,DD-2 submember,3256000,3200000,A.L. 58-22b; A.L. 58-22; A.L. 176-35; A.L. 161-40; A.L. 207-13,A.L. 309-8; A.L. 432-1; A.L. 486-1; A.L. 699-1
A.L. 333w-40,Hadar,A.L. 333-333w,DD-2 submember,3256000,3200000,A.L. 58-22b; A.L. 58-22; A.L. 176-35; A.L. 161-40; A.L. 207-13,A.L. 309-8; A.L. 432-1; A.L. 486-1; A.L. 699-1
A.L. 333w-41,Hadar,A.L. 333-333w,DD-2 submember,3256000,3200000,A.L. 58-22b; A.L. 58-22; A.L. 176-35; A.L. 161-40; A.L. 207-13,A.L. 309-8; A.L. 432-1; A.L. 486-1; A.L. 699-1
A.L. 333w-42,Hadar,A.L. 333-333w,DD-2 submember,3256000,3200000,A.L. 58-22b; A.L. 58-22; A.L. 176-35; A.L. 161-40; A.L. 207-13,A.L. 309-8; A.L. 432-1; A.L. 486-1; A.L. 699-1
A.L. 333w-43,Hadar,A.L. 333-333w,DD-2 submember,3256000,3200000,A.L. 58-22b; A.L. 58-22; A.L. 176-35; A.L. 161-40; A.L. 207-13,A.L. 309-8; A.L. 432-1; A.L. 486-1; A.L. 699-1
A.L. 333w-44,Hadar,A.L. 333-333w,DD-2 submember,3256000,3200000,A.L. 58-22b; A.L. 58-22; A.L. 176-35; A.L. 161-40; A.L. 207-13,A.L. 309-8; A.L. 432-1; A.L. 486-1; A.L. 699-1
A.L. 333w-45,Hadar,A.L. 333-333w,DD-2 submember,3256000,3200000,A.L. 58-22b; A.L. 58-22; A.L. 176-35; A.L. 161-40; A.L. 207-13,A.L. 309-8; A.L. 432-1; A.L. 486-1; A.L. 699-1
A.L. 333w-46,Hadar,A.L. 333-333w,DD-2 submember,3256000,3200000,A.L. 58-22b; A.L. 58-22; A.L. 176-35; A.L. 161-40; A.L. 207-13,A.L. 309-8; A.L. 432-1; A.L. 486-1; A.L. 699-1
A.L. 333w-47,Hadar,A.L. 333-333w,DD-2 submember,3256000,3200000,A.L. 58-22b; A.L. 58-22; A.L. 176-35; A.L. 161-40; A.L. 207-13,A.L. 309-8; A.L. 432-1; A.L. 486-1; A.L. 699-1
A.L. 333w-48,Hadar,A.L. 333-333w,DD-2 submember,3256000,3200000,A.L. 58-22b; A.L. 58-22; A.L. 176-35; A.L. 161-40; A.L. 207-13,A.L. 309-8; A.L. 432-1; A.L. 486-1; A.L. 699-1
A.L. 333w-5,Hadar,A.L. 333-333w,DD-2 submember,3256000,3200000,A.L. 58-22b; A.L. 58-22; A.L. 176-35; A.L. 161-40; A.L. 207-13,A.L. 309-8; A.L. 432-1; A.L. 486-1; A.L. 699-1
A.L. 333w-50,Hadar,A.L. 333-333w,DD-2 submember,3256000,3200000,A.L. 58-22b; A.L. 58-22; A.L. 176-35; A.L. 161-40; A.L. 207-13,A.L. 309-8; A.L. 432-1; A.L. 486-1; A.L. 699-1
A.L. 333w-51,Hadar,A.L. 333-333w,DD-2 submember,3256000,3200000,A.L. 58-22b; A.L. 58-22; A.L. 176-35; A.L. 161-40; A.L. 207-13,A.L. 309-8; A.L. 432-1; A.L. 486-1; A.L. 699-1
A.L. 333w-52,Hadar,A.L. 333-333w,DD-2 submember,3256000,3200000,A.L. 58-22b; A.L. 58-22; A.L. 176-35; A.L. 161-40; A.L. 207-13,A.L. 309-8; A.L. 432-1; A.L. 486-1; A.L. 699-1
A.L. 333w-53,Hadar,A.L. 333-333w,DD-2 submember,3256000,3200000,A.L. 58-22b; A.L. 58-22; A.L. 176-35; A.L. 161-40; A.L. 207-13,A.L. 309-8; A.L. 432-1; A.L. 486-1; A.L. 699-1
A.L. 333w-54,Hadar,A.L. 333-333w,DD-2 submember,3256000,3200000,A.L. 58-22b; A.L. 58-22; A.L. 176-35; A.L. 161-40; A.L. 207-13,A.L. 309-8; A.L. 432-1; A.L. 486-1; A.L. 699-1
A.L. 333w-55,Hadar,A.L. 333-333w,DD-2 submember,3256000,3200000,A.L. 58-22b; A.L. 58-22; A.L. 176-35; A.L. 161-40; A.L. 207-13,A.L. 309-8; A.L. 432-1; A.L. 486-1; A.L. 699-1
A.L. 333w-56,Hadar,A.L. 333-333w,DD-2 submember,3256000,3200000,A.L. 58-22b; A.L. 58-22; A.L. 176-35; A.L. 161-40; A.L. 207-13,A.L. 309-8; A.L. 432-1; A.L. 486-1; A.L. 699-1
A.L. 333w-57,Hadar,A.L. 333-333w,DD-2 submember,3256000,3200000,A.L. 58-22b; A.L. 58-22; A.L. 176-35; A.L. 161-40; A.L. 207-13,A.L. 309-8; A.L. 432-1; A.L. 486-1; A.L. 699-1
A.L. 333w-58,Hadar,A.L. 333-333w,DD-2 submember,3256000,3200000,A.L. 58-22b; A.L. 58-22; A.L. 176-35; A.L. 161-40; A.L. 207-13,A.L. 309-8; A.L. 432-1; A.L. 486-1; A.L. 699-1
A.L. 333w-59,Hadar,A.L. 333-333w,DD-2 submember,3256000,3200000,A.L. 58-22b; A.L. 58-22; A.L. 176-35; A.L. 161-40; A.L. 207-13,A.L. 309-8; A.L. 432-1; A.L. 486-1; A.L. 699-1
A.L. 333w-6,Hadar,A.L. 333-333w,DD-2 submember,3256000,3200000,A.L. 58-22b; A.L. 58-22; A.L. 176-35; A.L. 161-40; A.L. 207-13,A.L. 309-8; A.L. 432-1; A.L. 486-1; A.L. 699-1
A.L. 333w-60,Hadar,A.L. 333-333w,DD-2 submember,3256000,3200000,A.L. 58-22b; A.L. 58-22; A.L. 176-35; A.L. 161-40; A.L. 207-13,A.L. 309-8; A.L. 432-1; A.L. 486-1; A.L. 699-1
A.L. 333w-7,Hadar,A.L. 333-333w,DD-2 submember,3256000,3200000,A.L. 58-22b; A.L. 58-22; A.L. 176-35; A.L. 161-40; A.L. 207-13,A.L. 309-8; A.L. 432-1; A.L. 486-1; A.L. 699-1
A.L. 333w-8,Hadar,A.L. 333-333w,DD-2 submember,3256000,3200000,A.L. 58-22b; A.L. 58-22; A.L. 176-35; A.L. 161-40; A.L. 207-13,A.L. 309-8; A.L. 432-1; A.L. 486-1; A.L. 699-1
A.L. 333w-9,Hadar,A.L. 333-333w,DD-2 submember,3256000,3200000,A.L. 58-22b; A.L. 58-22; A.L. 176-35; A.L. 161-40; A.L. 207-13,A.L. 309-8; A.L. 432-1; A.L. 486-1; A.L. 699-1
A.L. 333x-1,Hadar,A.L. 333-333w,DD-2 submember,3256000,3200000,A.L. 58-22b; A.L. 58-22; A.L. 176-35; A.L. 161-40; A.L. 207-13,A.L. 309-8; A.L. 432-1; A.L. 486-1; A.L. 699-1
A.L. 333x-12,Hadar,A.L. 333-333w,DD-2 submember,3256000,3200000,A.L. 58-22b; A.L. 58-22; A.L. 176-35; A.L. 161-40; A.L. 207-13,A.L. 309-8; A.L. 432-1; A.L. 486-1; A.L. 699-1
A.L. 333x-13,Hadar,A.L. 333-333w,DD-2 submember,3256000,3200000,A.L. 58-22b; A.L. 58-22; A.L. 176-35; A.L. 161-40; A.L. 207-13,A.L. 309-8; A.L. 432-1; A.L. 486-1; A.L. 699-1
A.L. 333x-14,Hadar,A.L. 333-333w,DD-2 submember,3256000,3200000,A.L. 58-22b; A.L. 58-22; A.L. 176-35; A.L. 161-40; A.L. 207-13,A.L. 309-8; A.L. 432-1; A.L. 486-1; A.L. 699-1
A.L. 333x-15,Hadar,A.L. 333-333w,DD-2 submember,3256000,3200000,A.L. 58-22b; A.L. 58-22; A.L. 176-35; A.L. 161-40; A.L. 207-13,A.L. 309-8; A.L. 432-1; A.L. 486-1; A.L. 699-1
A.L. 333x-17,Hadar,A.L. 333-333w,DD-2 submember,3256000,3200000,A.L. 58-22b; A.L. 58-22; A.L. 176-35; A.L. 161-40; A.L. 207-13,A.L. 309-8; A.L. 432-1; A.L. 486-1; A.L. 699-1
A.L. 333x-18,Hadar,A.L. 333-333w,DD-2 submember,3256000,3200000,A.L. 58-22b; A.L. 58-22; A.L. 176-35; A.L. 161-40; A.L. 207-13,A.L. 309-8; A.L. 432-1; A.L. 486-1; A.L. 699-1
A.L. 333x-2,Hadar,A.L. 333-333w,DD-2 submember,3256000,3200000,A.L. 58-22b; A.L. 58-22; A.L. 176-35; A.L. 161-40; A.L. 207-13,A.L. 309-8; A.L. 432-1; A.L. 486-1; A.L. 699-1
A.L. 333x-20,Hadar,A.L. 333-333w,DD-2 submember,3256000,3200000,A.L. 58-22b; A.L. 58-22; A.L. 176-35; A.L. 161-40; A.L. 207-13,A.L. 309-8; A.L. 432-1; A.L. 486-1; A.L. 699-1
A.L. 333x-21,Hadar,A.L. 333-333w,DD-2 submember,3256000,3200000,A.L. 58-22b; A.L. 58-22; A.L. 176-35; A.L. 161-40; A.L. 207-13,A.L. 309-8; A.L. 432-1; A.L. 486-1; A.L. 699-1
A.L. 333x-25,Hadar,A.L. 333-333w,DD-2 submember,3256000,3200000,A.L. 58-22b; A.L. 58-22; A.L. 176-35; A.L. 161-40; A.L. 207-13,A.L. 309-8; A.L. 432-1; A.L. 486-1; A.L. 699-1
A.L. 333x-26,Hadar,A.L. 333-333w,DD-2 submember,3256000,3200000,A.L. 58-22b; A.L. 58-22; A.L. 176-35; A.L. 161-40; A.L. 207-13,A.L. 309-8; A.L. 432-1; A.L. 486-1; A.L. 699-1
A.L. 333x-3,Hadar,A.L. 333-333w,DD-2 submember,3256000,3200000,A.L. 58-22b; A.L. 58-22; A.L. 176-35; A.L. 161-40; A.L. 207-13,A.L. 309-8; A.L. 432-1; A.L. 486-1; A.L. 699-1
A.L. 333x-4,Hadar,A.L. 333-333w,DD-2 submember,3256000,3200000,A.L. 58-22b; A.L. 58-22; A.L. 176-35; A.L. 161-40; A.L. 207-13,A.L. 309-8; A.L. 432-1; A.L. 486-1; A.L. 699-1
A.L. 333x-5,Hadar,A.L. 333-333w,DD-2 submember,3256000,3200000,A.L. 58-22b; A.L. 58-22; A.L. 176-35; A.L. 161-40; A.L. 207-13,A.L. 309-8; A.L. 432-1; A.L. 486-1; A.L. 699-1
A.L. 333x-6,Hadar,A.L. 333-333w,DD-2 submember,3256000,3200000,A.L. 58-22b; A.L. 58-22; A.L. 176-35; A.L. 161-40; A.L. 207-13,A.L. 309-8; A.L. 432-1; A.L. 486-1; A.L. 699-1
A.L. 333x-9,Hadar,A.L. 333-333w,DD-2 submember,3256000,3200000,A.L. 58-22b; A.L. 58-22; A.L. 176-35; A.L. 161-40; A.L. 207-13,A.L. 309-8; A.L. 432-1; A.L. 486-1; A.L. 699-1
A.L. 241-14,Hadar,A.L. 241,"DD-2 submember, Hadar formation",3256000,3200000,A.L. 58-22b; A.L. 58-22; A.L. 176-35; A.L. 161-40; A.L. 207-13,A.L. 309-8; A.L. 432-1; A.L. 486-1; A.L. 699-1
A.L. 366-1,Hadar,A.L. 366,"DD-2 submember, Hadar formation",3256000,3200000,A.L. 58-22b; A.L. 58-22; A.L. 176-35; A.L. 161-40; A.L. 207-13,A.L. 309-8; A.L. 432-1; A.L. 486-1; A.L. 699-1
A.L. 330-6,Hadar,A.L. 330,DD-2/DD-3 sand,3256000,3200000,A.L. 58-22b; A.L. 58-22; A.L. 176-35; A.L. 161-40; A.L. 207-13,A.L. 427-1
A.L. 427-1,Hadar,A.L. 427,DD3 - 0.5m above DD-3 sand,3256000,3200000,A.L. 309-8; A.L. 432-1; A.L. 486-1; A.L. 699-1,A.L. 433-1
A.L. 433-1,Hadar,A.L. 433,DD3 - 1m above the DD-3 sand,3256000,3200000,A.L. 427-1,A.L. 288-1
A.L. 309-8,Hadar,A.L. 309,DD-3 sand,3256000,3200000,A.L. 333-123; A.L. 333-124; A.L. 333-125; A.L. 333-126; A.L. 333-127; A.L. 333-128; A.L. 333-129; A.L. 333-130; A.L. 333-132; A.L. 333-134; A.L. 333-135; A.L. 333-165; A.L. 333-166; A.L. 333n-1; A.L. 333x-16; A.L. 620-1; A.L. 1044-1; A.L. 333-1; A.L. 333-10; A.L. 333-100; A.L. 333-101; A.L. 333-102; A.L. 333-103; A.L. 333-104; A.L. 333-105; A.L. 333-106; A.L. 333-107; A.L. 333-108; A.L. 333-109; A.L. 333-11; A.L. 333-110; A.L. 333-111; A.L. 333-112; A.L. 333-113; A.L. 333-114; A.L. 333-115; A.L. 333-116; A.L. 333-117; A.L. 333-118; A.L. 333-119; A.L. 333-12; A.L. 333-120; A.L. 333-121; A.L. 333-122; A.L. 333-13; A.L. 333-131; A.L. 333-14; A.L. 333-140; A.L. 333-141; A.L. 333-142; A.L. 333-144; A.L. 333-145; A.L. 333-147; A.L. 333-148; A.L. 333-149; A.L. 333-15; A.L. 333-150; A.L. 333-151; A.L. 333-152; A.L. 333-153; A.L. 333-154; A.L. 333-155; A.L. 333-156; A.L. 333-157; A.L. 333-158; A.L. 333-159; A.L. 333-16; A.L. 333-160; A.L. 333-161; A.L. 333-162; A.L. 333-163; A.L. 333-164; A.L. 333-167; A.L. 333-168; A.L. 333-17; A.L. 333-18; A.L. 333-19; A.L. 333-2; A.L. 333-20; A.L. 333-21; A.L. 333-22; A.L. 333-23; A.L. 333-24; A.L. 333-25; A.L. 333-26; A.L. 333-27; A.L. 333-28; A.L. 333-29; A.L. 333-3; A.L. 333-30; A.L. 333-31; A.L. 333-32; A.L. 333-33; A.L. 333-34; A.L. 333-35; A.L. 333-36; A.L. 333-37; A.L. 333-38; A.L. 333-39; A.L. 333-4; A.L. 333-40; A.L. 333-41; A.L. 333-42; A.L. 333-43; A.L. 333-44; A.L. 333-45; A.L. 333-46; A.L. 333-47; A.L. 333-48; A.L. 333-49; A.L. 333-5; A.L. 333-50; A.L. 333-51; A.L. 333-52; A.L. 333-54; A.L. 333-55; A.L. 333-56; A.L. 333-57; A.L. 333-58; A.L. 333-59; A.L. 333-6; A.L. 333-60; A.L. 333-61; A.L. 333-62; A.L. 333-63; A.L. 333-64; A.L. 333-65; A.L. 333-66; A.L. 333-67; A.L. 333-68; A.L. 333-69; A.L. 333-7; A.L. 333-70; A.L. 333-71; A.L. 333-72; A.L. 333-73; A.L. 333-74; A.L. 333-75; A.L. 333-76; A.L. 333-77; A.L. 333-78; A.L. 333-79; A.L. 333-8; A.L. 333-80; A.L. 333-81; A.L. 333-82; A.L. 333-83; A.L. 333-84; A.L. 333-85; A.L. 333-86; A.L. 333-87; A.L. 333-88; A.L. 333-89; A.L. 333-9; A.L. 333-90; A.L. 333-91; A.L. 333-93; A.L. 333-94; A.L. 333-95; A.L. 333-96; A.L. 333-97; A.L. 333-98; A.L. 333-99; A.L. 333n-2; A.L. 333n-3; A.L. 333w-1; A.L. 333w-10; A.L. 333w-11; A.L. 333w-12; A.L. 333w-14; A.L. 333w-16; A.L. 333w-17; A.L. 333w-18; A.L. 333w-19; A.L. 333w-2; A.L. 333w-20; A.L. 333w-21; A.L. 333w-22; A.L. 333w-23; A.L. 333w-25; A.L. 333w-26; A.L. 333w-27; A.L. 333w-28; A.L. 333w-29; A.L. 333w-3; A.L. 333w-30; A.L. 333w-31; A.L. 333w-32; A.L. 333w-33; A.L. 333w-34; A.L. 333w-35; A.L. 333w-36; A.L. 333w-37; A.L. 333w-38; A.L. 333w-39; A.L. 333w-4; A.L. 333w-40; A.L. 333w-41; A.L. 333w-42; A.L. 333w-43; A.L. 333w-44; A.L. 333w-45; A.L. 333w-46; A.L. 333w-47; A.L. 333w-48; A.L. 333w-5; A.L. 333w-50; A.L. 333w-51; A.L. 333w-52; A.L. 333w-53; A.L. 333w-54; A.L. 333w-55; A.L. 333w-56; A.L. 333w-57; A.L. 333w-58; A.L. 333w-59; A.L. 333w-6; A.L. 333w-60; A.L. 333w-7; A.L. 333w-8; A.L. 333w-9; A.L. 333x-1; A.L. 333x-12; A.L. 333x-13; A.L. 333x-14; A.L. 333x-15; A.L. 333x-17; A.L. 333x-18; A.L. 333x-2; A.L. 333x-20; A.L. 333x-21; A.L. 333x-25; A.L. 333x-26; A.L. 333x-3; A.L. 333x-4; A.L. 333x-5; A.L. 333x-6; A.L. 333x-9; A.L. 241-14; A.L. 366-1; A.L. 333-53; A.L. 333w-13; A.L. 333w-15; A.L. 333x-7; A.L. 333x-8,A.L. 427-1
A.L. 432-1,Hadar,A.L. 432,DD-3 sand,3256000,3200000,A.L. 333-123; A.L. 333-124; A.L. 333-125; A.L. 333-126; A.L. 333-127; A.L. 333-128; A.L. 333-129; A.L. 333-130; A.L. 333-132; A.L. 333-134; A.L. 333-135; A.L. 333-165; A.L. 333-166; A.L. 333n-1; A.L. 333x-16; A.L. 620-1; A.L. 1044-1; A.L. 333-1; A.L. 333-10; A.L. 333-100; A.L. 333-101; A.L. 333-102; A.L. 333-103; A.L. 333-104; A.L. 333-105; A.L. 333-106; A.L. 333-107; A.L. 333-108; A.L. 333-109; A.L. 333-11; A.L. 333-110; A.L. 333-111; A.L. 333-112; A.L. 333-113; A.L. 333-114; A.L. 333-115; A.L. 333-116; A.L. 333-117; A.L. 333-118; A.L. 333-119; A.L. 333-12; A.L. 333-120; A.L. 333-121; A.L. 333-122; A.L. 333-13; A.L. 333-131; A.L. 333-14; A.L. 333-140; A.L. 333-141; A.L. 333-142; A.L. 333-144; A.L. 333-145; A.L. 333-147; A.L. 333-148; A.L. 333-149; A.L. 333-15; A.L. 333-150; A.L. 333-151; A.L. 333-152; A.L. 333-153; A.L. 333-154; A.L. 333-155; A.L. 333-156; A.L. 333-157; A.L. 333-158; A.L. 333-159; A.L. 333-16; A.L. 333-160; A.L. 333-161; A.L. 333-162; A.L. 333-163; A.L. 333-164; A.L. 333-167; A.L. 333-168; A.L. 333-17; A.L. 333-18; A.L. 333-19; A.L. 333-2; A.L. 333-20; A.L. 333-21; A.L. 333-22; A.L. 333-23; A.L. 333-24; A.L. 333-25; A.L. 333-26; A.L. 333-27; A.L. 333-28; A.L. 333-29; A.L. 333-3; A.L. 333-30; A.L. 333-31; A.L. 333-32; A.L. 333-33; A.L. 333-34; A.L. 333-35; A.L. 333-36; A.L. 333-37; A.L. 333-38; A.L. 333-39; A.L. 333-4; A.L. 333-40; A.L. 333-41; A.L. 333-42; A.L. 333-43; A.L. 333-44; A.L. 333-45; A.L. 333-46; A.L. 333-47; A.L. 333-48; A.L. 333-49; A.L. 333-5; A.L. 333-50; A.L. 333-51; A.L. 333-52; A.L. 333-54; A.L. 333-55; A.L. 333-56; A.L. 333-57; A.L. 333-58; A.L. 333-59; A.L. 333-6; A.L. 333-60; A.L. 333-61; A.L. 333-62; A.L. 333-63; A.L. 333-64; A.L. 333-65; A.L. 333-66; A.L. 333-67; A.L. 333-68; A.L. 333-69; A.L. 333-7; A.L. 333-70; A.L. 333-71; A.L. 333-72; A.L. 333-73; A.L. 333-74; A.L. 333-75; A.L. 333-76; A.L. 333-77; A.L. 333-78; A.L. 333-79; A.L. 333-8; A.L. 333-80; A.L. 333-81; A.L. 333-82; A.L. 333-83; A.L. 333-84; A.L. 333-85; A.L. 333-86; A.L. 333-87; A.L. 333-88; A.L. 333-89; A.L. 333-9; A.L. 333-90; A.L. 333-91; A.L. 333-93; A.L. 333-94; A.L. 333-95; A.L. 333-96; A.L. 333-97; A.L. 333-98; A.L. 333-99; A.L. 333n-2; A.L. 333n-3; A.L. 333w-1; A.L. 333w-10; A.L. 333w-11; A.L. 333w-12; A.L. 333w-14; A.L. 333w-16; A.L. 333w-17; A.L. 333w-18; A.L. 333w-19; A.L. 333w-2; A.L. 333w-20; A.L. 333w-21; A.L. 333w-22; A.L. 333w-23; A.L. 333w-25; A.L. 333w-26; A.L. 333w-27; A.L. 333w-28; A.L. 333w-29; A.L. 333w-3; A.L. 333w-30; A.L. 333w-31; A.L. 333w-32; A.L. 333w-33; A.L. 333w-34; A.L. 333w-35; A.L. 333w-36; A.L. 333w-37; A.L. 333w-38; A.L. 333w-39; A.L. 333w-4; A.L. 333w-40; A.L. 333w-41; A.L. 333w-42; A.L. 333w-43; A.L. 333w-44; A.L. 333w-45; A.L. 333w-46; A.L. 333w-47; A.L. 333w-48; A.L. 333w-5; A.L. 333w-50; A.L. 333w-51; A.L. 333w-52; A.L. 333w-53; A.L. 333w-54; A.L. 333w-55; A.L. 333w-56; A.L. 333w-57; A.L. 333w-58; A.L. 333w-59; A.L. 333w-6; A.L. 333w-60; A.L. 333w-7; A.L. 333w-8; A.L. 333w-9; A.L. 333x-1; A.L. 333x-12; A.L. 333x-13; A.L. 333x-14; A.L. 333x-15; A.L. 333x-17; A.L. 333x-18; A.L. 333x-2; A.L. 333x-20; A.L. 333x-21; A.L. 333x-25; A.L. 333x-26; A.L. 333x-3; A.L. 333x-4; A.L. 333x-5; A.L. 333x-6; A.L. 333x-9; A.L. 241-14; A.L. 366-1; A.L. 333-53; A.L. 333w-13; A.L. 333w-15; A.L. 333x-7; A.L. 333x-8,A.L. 427-1
A.L. 486-1,Hadar,A.L. 486,DD-3 sand,3256000,3200000,A.L. 333-123; A.L. 333-124; A.L. 333-125; A.L. 333-126; A.L. 333-127; A.L. 333-128; A.L. 333-129; A.L. 333-130; A.L. 333-132; A.L. 333-134; A.L. 333-135; A.L. 333-165; A.L. 333-166; A.L. 333n-1; A.L. 333x-16; A.L. 620-1; A.L. 1044-1; A.L. 333-1; A.L. 333-10; A.L. 333-100; A.L. 333-101; A.L. 333-102; A.L. 333-103; A.L. 333-104; A.L. 333-105; A.L. 333-106; A.L. 333-107; A.L. 333-108; A.L. 333-109; A.L. 333-11; A.L. 333-110; A.L. 333-111; A.L. 333-112; A.L. 333-113; A.L. 333-114; A.L. 333-115; A.L. 333-116; A.L. 333-117; A.L. 333-118; A.L. 333-119; A.L. 333-12; A.L. 333-120; A.L. 333-121; A.L. 333-122; A.L. 333-13; A.L. 333-131; A.L. 333-14; A.L. 333-140; A.L. 333-141; A.L. 333-142; A.L. 333-144; A.L. 333-145; A.L. 333-147; A.L. 333-148; A.L. 333-149; A.L. 333-15; A.L. 333-150; A.L. 333-151; A.L. 333-152; A.L. 333-153; A.L. 333-154; A.L. 333-155; A.L. 333-156; A.L. 333-157; A.L. 333-158; A.L. 333-159; A.L. 333-16; A.L. 333-160; A.L. 333-161; A.L. 333-162; A.L. 333-163; A.L. 333-164; A.L. 333-167; A.L. 333-168; A.L. 333-17; A.L. 333-18; A.L. 333-19; A.L. 333-2; A.L. 333-20; A.L. 333-21; A.L. 333-22; A.L. 333-23; A.L. 333-24; A.L. 333-25; A.L. 333-26; A.L. 333-27; A.L. 333-28; A.L. 333-29; A.L. 333-3; A.L. 333-30; A.L. 333-31; A.L. 333-32; A.L. 333-33; A.L. 333-34; A.L. 333-35; A.L. 333-36; A.L. 333-37; A.L. 333-38; A.L. 333-39; A.L. 333-4; A.L. 333-40; A.L. 333-41; A.L. 333-42; A.L. 333-43; A.L. 333-44; A.L. 333-45; A.L. 333-46; A.L. 333-47; A.L. 333-48; A.L. 333-49; A.L. 333-5; A.L. 333-50; A.L. 333-51; A.L. 333-52; A.L. 333-54; A.L. 333-55; A.L. 333-56; A.L. 333-57; A.L. 333-58; A.L. 333-59; A.L. 333-6; A.L. 333-60; A.L. 333-61; A.L. 333-62; A.L. 333-63; A.L. 333-64; A.L. 333-65; A.L. 333-66; A.L. 333-67; A.L. 333-68; A.L. 333-69; A.L. 333-7; A.L. 333-70; A.L. 333-71; A.L. 333-72; A.L. 333-73; A.L. 333-74; A.L. 333-75; A.L. 333-76; A.L. 333-77; A.L. 333-78; A.L. 333-79; A.L. 333-8; A.L. 333-80; A.L. 333-81; A.L. 333-82; A.L. 333-83; A.L. 333-84; A.L. 333-85; A.L. 333-86; A.L. 333-87; A.L. 333-88; A.L. 333-89; A.L. 333-9; A.L. 333-90; A.L. 333-91; A.L. 333-93; A.L. 333-94; A.L. 333-95; A.L. 333-96; A.L. 333-97; A.L. 333-98; A.L. 333-99; A.L. 333n-2; A.L. 333n-3; A.L. 333w-1; A.L. 333w-10; A.L. 333w-11; A.L. 333w-12; A.L. 333w-14; A.L. 333w-16; A.L. 333w-17; A.L. 333w-18; A.L. 333w-19; A.L. 333w-2; A.L. 333w-20; A.L. 333w-21; A.L. 333w-22; A.L. 333w-23; A.L. 333w-25; A.L. 333w-26; A.L. 333w-27; A.L. 333w-28; A.L. 333w-29; A.L. 333w-3; A.L. 333w-30; A.L. 333w-31; A.L. 333w-32; A.L. 333w-33; A.L. 333w-34; A.L. 333w-35; A.L. 333w-36; A.L. 333w-37; A.L. 333w-38; A.L. 333w-39; A.L. 333w-4; A.L. 333w-40; A.L. 333w-41; A.L. 333w-42; A.L. 333w-43; A.L. 333w-44; A.L. 333w-45; A.L. 333w-46; A.L. 333w-47; A.L. 333w-48; A.L. 333w-5; A.L. 333w-50; A.L. 333w-51; A.L. 333w-52; A.L. 333w-53; A.L. 333w-54; A.L. 333w-55; A.L. 333w-56; A.L. 333w-57; A.L. 333w-58; A.L. 333w-59; A.L. 333w-6; A.L. 333w-60; A.L. 333w-7; A.L. 333w-8; A.L. 333w-9; A.L. 333x-1; A.L. 333x-12; A.L. 333x-13; A.L. 333x-14; A.L. 333x-15; A.L. 333x-17; A.L. 333x-18; A.L. 333x-2; A.L. 333x-20; A.L. 333x-21; A.L. 333x-25; A.L. 333x-26; A.L. 333x-3; A.L. 333x-4; A.L. 333x-5; A.L. 333x-6; A.L. 333x-9; A.L. 241-14; A.L. 366-1; A.L. 333-53; A.L. 333w-13; A.L. 333w-15; A.L. 333x-7; A.L. 333x-8,A.L. 427-1
A.L. 699-1,Hadar,A.L. 699,DD-3 sand,3256000,3200000,A.L. 333-123; A.L. 333-124; A.L. 333-125; A.L. 333-126; A.L. 333-127; A.L. 333-128; A.L. 333-129; A.L. 333-130; A.L. 333-132; A.L. 333-134; A.L. 333-135; A.L. 333-165; A.L. 333-166; A.L. 333n-1; A.L. 333x-16; A.L. 620-1; A.L. 1044-1; A.L. 333-1; A.L. 333-10; A.L. 333-100; A.L. 333-101; A.L. 333-102; A.L. 333-103; A.L. 333-104; A.L. 333-105; A.L. 333-106; A.L. 333-107; A.L. 333-108; A.L. 333-109; A.L. 333-11; A.L. 333-110; A.L. 333-111; A.L. 333-112; A.L. 333-113; A.L. 333-114; A.L. 333-115; A.L. 333-116; A.L. 333-117; A.L. 333-118; A.L. 333-119; A.L. 333-12; A.L. 333-120; A.L. 333-121; A.L. 333-122; A.L. 333-13; A.L. 333-131; A.L. 333-14; A.L. 333-140; A.L. 333-141; A.L. 333-142; A.L. 333-144; A.L. 333-145; A.L. 333-147; A.L. 333-148; A.L. 333-149; A.L. 333-15; A.L. 333-150; A.L. 333-151; A.L. 333-152; A.L. 333-153; A.L. 333-154; A.L. 333-155; A.L. 333-156; A.L. 333-157; A.L. 333-158; A.L. 333-159; A.L. 333-16; A.L. 333-160; A.L. 333-161; A.L. 333-162; A.L. 333-163; A.L. 333-164; A.L. 333-167; A.L. 333-168; A.L. 333-17; A.L. 333-18; A.L. 333-19; A.L. 333-2; A.L. 333-20; A.L. 333-21; A.L. 333-22; A.L. 333-23; A.L. 333-24; A.L. 333-25; A.L. 333-26; A.L. 333-27; A.L. 333-28; A.L. 333-29; A.L. 333-3; A.L. 333-30; A.L. 333-31; A.L. 333-32; A.L. 333-33; A.L. 333-34; A.L. 333-35; A.L. 333-36; A.L. 333-37; A.L. 333-38; A.L. 333-39; A.L. 333-4; A.L. 333-40; A.L. 333-41; A.L. 333-42; A.L. 333-43; A.L. 333-44; A.L. 333-45; A.L. 333-46; A.L. 333-47; A.L. 333-48; A.L. 333-49; A.L. 333-5; A.L. 333-50; A.L. 333-51; A.L. 333-52; A.L. 333-54; A.L. 333-55; A.L. 333-56; A.L. 333-57; A.L. 333-58; A.L. 333-59; A.L. 333-6; A.L. 333-60; A.L. 333-61; A.L. 333-62; A.L. 333-63; A.L. 333-64; A.L. 333-65; A.L. 333-66; A.L. 333-67; A.L. 333-68; A.L. 333-69; A.L. 333-7; A.L. 333-70; A.L. 333-71; A.L. 333-72; A.L. 333-73; A.L. 333-74; A.L. 333-75; A.L. 333-76; A.L. 333-77; A.L. 333-78; A.L. 333-79; A.L. 333-8; A.L. 333-80; A.L. 333-81; A.L. 333-82; A.L. 333-83; A.L. 333-84; A.L. 333-85; A.L. 333-86; A.L. 333-87; A.L. 333-88; A.L. 333-89; A.L. 333-9; A.L. 333-90; A.L. 333-91; A.L. 333-93; A.L. 333-94; A.L. 333-95; A.L. 333-96; A.L. 333-97; A.L. 333-98; A.L. 333-99; A.L. 333n-2; A.L. 333n-3; A.L. 333w-1; A.L. 333w-10; A.L. 333w-11; A.L. 333w-12; A.L. 333w-14; A.L. 333w-16; A.L. 333w-17; A.L. 333w-18; A.L. 333w-19; A.L. 333w-2; A.L. 333w-20; A.L. 333w-21; A.L. 333w-22; A.L. 333w-23; A.L. 333w-25; A.L. 333w-26; A.L. 333w-27; A.L. 333w-28; A.L. 333w-29; A.L. 333w-3; A.L. 333w-30; A.L. 333w-31; A.L. 333w-32; A.L. 333w-33; A.L. 333w-34; A.L. 333w-35; A.L. 333w-36; A.L. 333w-37; A.L. 333w-38; A.L. 333w-39; A.L. 333w-4; A.L. 333w-40; A.L. 333w-41; A.L. 333w-42; A.L. 333w-43; A.L. 333w-44; A.L. 333w-45; A.L. 333w-46; A.L. 333w-47; A.L. 333w-48; A.L. 333w-5; A.L. 333w-50; A.L. 333w-51; A.L. 333w-52; A.L. 333w-53; A.L. 333w-54; A.L. 333w-55; A.L. 333w-56; A.L. 333w-57; A.L. 333w-58; A.L. 333w-59; A.L. 333w-6; A.L. 333w-60; A.L. 333w-7; A.L. 333w-8; A.L. 333w-9; A.L. 333x-1; A.L. 333x-12; A.L. 333x-13; A.L. 333x-14; A.L. 333x-15; A.L. 333x-17; A.L. 333x-18; A.L. 333x-2; A.L. 333x-20; A.L. 333x-21; A.L. 333x-25; A.L. 333x-26; A.L. 333x-3; A.L. 333x-4; A.L. 333x-5; A.L. 333x-6; A.L. 333x-9; A.L. 241-14; A.L. 366-1; A.L. 333-53; A.L. 333w-13; A.L. 333w-15; A.L. 333x-7; A.L. 333x-8,A.L. 427-1
A.L. 162-28,Hadar,A.L. 162,"DD-3 submember, Hadar formation",3256000,3200000,A.L. 333-123; A.L. 333-124; A.L. 333-125; A.L. 333-126; A.L. 333-127; A.L. 333-128; A.L. 333-129; A.L. 333-130; A.L. 333-132; A.L. 333-134; A.L. 333-135; A.L. 333-165; A.L. 333-166; A.L. 333n-1; A.L. 333x-16; A.L. 620-1; A.L. 1044-1; A.L. 333-1; A.L. 333-10; A.L. 333-100; A.L. 333-101; A.L. 333-102; A.L. 333-103; A.L. 333-104; A.L. 333-105; A.L. 333-106; A.L. 333-107; A.L. 333-108; A.L. 333-109; A.L. 333-11; A.L. 333-110; A.L. 333-111; A.L. 333-112; A.L. 333-113; A.L. 333-114; A.L. 333-115; A.L. 333-116; A.L. 333-117; A.L. 333-118; A.L. 333-119; A.L. 333-12; A.L. 333-120; A.L. 333-121; A.L. 333-122; A.L. 333-13; A.L. 333-131; A.L. 333-14; A.L. 333-140; A.L. 333-141; A.L. 333-142; A.L. 333-144; A.L. 333-145; A.L. 333-147; A.L. 333-148; A.L. 333-149; A.L. 333-15; A.L. 333-150; A.L. 333-151; A.L. 333-152; A.L. 333-153; A.L. 333-154; A.L. 333-155; A.L. 333-156; A.L. 333-157; A.L. 333-158; A.L. 333-159; A.L. 333-16; A.L. 333-160; A.L. 333-161; A.L. 333-162; A.L. 333-163; A.L. 333-164; A.L. 333-167; A.L. 333-168; A.L. 333-17; A.L. 333-18; A.L. 333-19; A.L. 333-2; A.L. 333-20; A.L. 333-21; A.L. 333-22; A.L. 333-23; A.L. 333-24; A.L. 333-25; A.L. 333-26; A.L. 333-27; A.L. 333-28; A.L. 333-29; A.L. 333-3; A.L. 333-30; A.L. 333-31; A.L. 333-32; A.L. 333-33; A.L. 333-34; A.L. 333-35; A.L. 333-36; A.L. 333-37; A.L. 333-38; A.L. 333-39; A.L. 333-4; A.L. 333-40; A.L. 333-41; A.L. 333-42; A.L. 333-43; A.L. 333-44; A.L. 333-45; A.L. 333-46; A.L. 333-47; A.L. 333-48; A.L. 333-49; A.L. 333-5; A.L. 333-50; A.L. 333-51; A.L. 333-52; A.L. 333-54; A.L. 333-55; A.L. 333-56; A.L. 333-57; A.L. 333-58; A.L. 333-59; A.L. 333-6; A.L. 333-60; A.L. 333-61; A.L. 333-62; A.L. 333-63; A.L. 333-64; A.L. 333-65; A.L. 333-66; A.L. 333-67; A.L. 333-68; A.L. 333-69; A.L. 333-7; A.L. 333-70; A.L. 333-71; A.L. 333-72; A.L. 333-73; A.L. 333-74; A.L. 333-75; A.L. 333-76; A.L. 333-77; A.L. 333-78; A.L. 333-79; A.L. 333-8; A.L. 333-80; A.L. 333-81; A.L. 333-82; A.L. 333-83; A.L. 333-84; A.L. 333-85; A.L. 333-86; A.L. 333-87; A.L. 333-88; A.L. 333-89; A.L. 333-9; A.L. 333-90; A.L. 333-91; A.L. 333-93; A.L. 333-94; A.L. 333-95; A.L. 333-96; A.L. 333-97; A.L. 333-98; A.L. 333-99; A.L. 333n-2; A.L. 333n-3; A.L. 333w-1; A.L. 333w-10; A.L. 333w-11; A.L. 333w-12; A.L. 333w-14; A.L. 333w-16; A.L. 333w-17; A.L. 333w-18; A.L. 333w-19; A.L. 333w-2; A.L. 333w-20; A.L. 333w-21; A.L. 333w-22; A.L. 333w-23; A.L. 333w-25; A.L. 333w-26; A.L. 333w-27; A.L. 333w-28; A.L. 333w-29; A.L. 333w-3; A.L. 333w-30; A.L. 333w-31; A.L. 333w-32; A.L. 333w-33; A.L. 333w-34; A.L. 333w-35; A.L. 333w-36; A.L. 333w-37; A.L. 333w-38; A.L. 333w-39; A.L. 333w-4; A.L. 333w-40; A.L. 333w-41; A.L. 333w-42; A.L. 333w-43; A.L. 333w-44; A.L. 333w-45; A.L. 333w-46; A.L. 333w-47; A.L. 333w-48; A.L. 333w-5; A.L. 333w-50; A.L. 333w-51; A.L. 333w-52; A.L. 333w-53; A.L. 333w-54; A.L. 333w-55; A.L. 333w-56; A.L. 333w-57; A.L. 333w-58; A.L. 333w-59; A.L. 333w-6; A.L. 333w-60; A.L. 333w-7; A.L. 333w-8; A.L. 333w-9; A.L. 333x-1; A.L. 333x-12; A.L. 333x-13; A.L. 333x-14; A.L. 333x-15; A.L. 333x-17; A.L. 333x-18; A.L. 333x-2; A.L. 333x-20; A.L. 333x-21; A.L. 333x-25; A.L. 333x-26; A.L. 333x-3; A.L. 333x-4; A.L. 333x-5; A.L. 333x-6; A.L. 333x-9; A.L. 241-14; A.L. 366-1; A.L. 333-53; A.L. 333w-13; A.L. 333w-15; A.L. 333x-7; A.L. 333x-8,A.L. 288-1
A.L. 188-1,Hadar,A.L. 188,"DD-3 submember, Hadar formation",3256000,3200000,A.L. 333-123; A.L. 333-124; A.L. 333-125; A.L. 333-126; A.L. 333-127; A.L. 333-128; A.L. 333-129; A.L. 333-130; A.L. 333-132; A.L. 333-134; A.L. 333-135; A.L. 333-165; A.L. 333-166; A.L. 333n-1; A.L. 333x-16; A.L. 620-1; A.L. 1044-1; A.L. 333-1; A.L. 333-10; A.L. 333-100; A.L. 333-101; A.L. 333-102; A.L. 333-103; A.L. 333-104; A.L. 333-105; A.L. 333-106; A.L. 333-107; A.L. 333-108; A.L. 333-109; A.L. 333-11; A.L. 333-110; A.L. 333-111; A.L. 333-112; A.L. 333-113; A.L. 333-114; A.L. 333-115; A.L. 333-116; A.L. 333-117; A.L. 333-118; A.L. 333-119; A.L. 333-12; A.L. 333-120; A.L. 333-121; A.L. 333-122; A.L. 333-13; A.L. 333-131; A.L. 333-14; A.L. 333-140; A.L. 333-141; A.L. 333-142; A.L. 333-144; A.L. 333-145; A.L. 333-147; A.L. 333-148; A.L. 333-149; A.L. 333-15; A.L. 333-150; A.L. 333-151; A.L. 333-152; A.L. 333-153; A.L. 333-154; A.L. 333-155; A.L. 333-156; A.L. 333-157; A.L. 333-158; A.L. 333-159; A.L. 333-16; A.L. 333-160; A.L. 333-161; A.L. 333-162; A.L. 333-163; A.L. 333-164; A.L. 333-167; A.L. 333-168; A.L. 333-17; A.L. 333-18; A.L. 333-19; A.L. 333-2; A.L. 333-20; A.L. 333-21; A.L. 333-22; A.L. 333-23; A.L. 333-24; A.L. 333-25; A.L. 333-26; A.L. 333-27; A.L. 333-28; A.L. 333-29; A.L. 333-3; A.L. 333-30; A.L. 333-31; A.L. 333-32; A.L. 333-33; A.L. 333-34; A.L. 333-35; A.L. 333-36; A.L. 333-37; A.L. 333-38; A.L. 333-39; A.L. 333-4; A.L. 333-40; A.L. 333-41; A.L. 333-42; A.L. 333-43; A.L. 333-44; A.L. 333-45; A.L. 333-46; A.L. 333-47; A.L. 333-48; A.L. 333-49; A.L. 333-5; A.L. 333-50; A.L. 333-51; A.L. 333-52; A.L. 333-54; A.L. 333-55; A.L. 333-56; A.L. 333-57; A.L. 333-58; A.L. 333-59; A.L. 333-6; A.L. 333-60; A.L. 333-61; A.L. 333-62; A.L. 333-63; A.L. 333-64; A.L. 333-65; A.L. 333-66; A.L. 333-67; A.L. 333-68; A.L. 333-69; A.L. 333-7; A.L. 333-70; A.L. 333-71; A.L. 333-72; A.L. 333-73; A.L. 333-74; A.L. 333-75; A.L. 333-76; A.L. 333-77; A.L. 333-78; A.L. 333-79; A.L. 333-8; A.L. 333-80; A.L. 333-81; A.L. 333-82; A.L. 333-83; A.L. 333-84; A.L. 333-85; A.L. 333-86; A.L. 333-87; A.L. 333-88; A.L. 333-89; A.L. 333-9; A.L. 333-90; A.L. 333-91; A.L. 333-93; A.L. 333-94; A.L. 333-95; A.L. 333-96; A.L. 333-97; A.L. 333-98; A.L. 333-99; A.L. 333n-2; A.L. 333n-3; A.L. 333w-1; A.L. 333w-10; A.L. 333w-11; A.L. 333w-12; A.L. 333w-14; A.L. 333w-16; A.L. 333w-17; A.L. 333w-18; A.L. 333w-19; A.L. 333w-2; A.L. 333w-20; A.L. 333w-21; A.L. 333w-22; A.L. 333w-23; A.L. 333w-25; A.L. 333w-26; A.L. 333w-27; A.L. 333w-28; A.L. 333w-29; A.L. 333w-3; A.L. 333w-30; A.L. 333w-31; A.L. 333w-32; A.L. 333w-33; A.L. 333w-34; A.L. 333w-35; A.L. 333w-36; A.L. 333w-37; A.L. 333w-38; A.L. 333w-39; A.L. 333w-4; A.L. 333w-40; A.L. 333w-41; A.L. 333w-42; A.L. 333w-43; A.L. 333w-44; A.L. 333w-45; A.L. 333w-46; A.L. 333w-47; A.L. 333w-48; A.L. 333w-5; A.L. 333w-50; A.L. 333w-51; A.L. 333w-52; A.L. 333w-53; A.L. 333w-54; A.L. 333w-55; A.L. 333w-56; A.L. 333w-57; A.L. 333w-58; A.L. 333w-59; A.L. 333w-6; A.L. 333w-60; A.L. 333w-7; A.L. 333w-8; A.L. 333w-9; A.L. 333x-1; A.L. 333x-12; A.L. 333x-13; A.L. 333x-14; A.L. 333x-15; A.L. 333x-17; A.L. 333x-18; A.L. 333x-2; A.L. 333x-20; A.L. 333x-21; A.L. 333x-25; A.L. 333x-26; A.L. 333x-3; A.L. 333x-4; A.L. 333x-5; A.L. 333x-6; A.L. 333x-9; A.L. 241-14; A.L. 366-1; A.L. 333-53; A.L. 333w-13; A.L. 333w-15; A.L. 333x-7; A.L. 333x-8,A.L. 288-1
A.L. 388-1,Hadar,A.L. 388,"DD-3 submember, Hadar formation",3256000,3200000,A.L. 333-123; A.L. 333-124; A.L. 333-125; A.L. 333-126; A.L. 333-127; A.L. 333-128; A.L. 333-129; A.L. 333-130; A.L. 333-132; A.L. 333-134; A.L. 333-135; A.L. 333-165; A.L. 333-166; A.L. 333n-1; A.L. 333x-16; A.L. 620-1; A.L. 1044-1; A.L. 333-1; A.L. 333-10; A.L. 333-100; A.L. 333-101; A.L. 333-102; A.L. 333-103; A.L. 333-104; A.L. 333-105; A.L. 333-106; A.L. 333-107; A.L. 333-108; A.L. 333-109; A.L. 333-11; A.L. 333-110; A.L. 333-111; A.L. 333-112; A.L. 333-113; A.L. 333-114; A.L. 333-115; A.L. 333-116; A.L. 333-117; A.L. 333-118; A.L. 333-119; A.L. 333-12; A.L. 333-120; A.L. 333-121; A.L. 333-122; A.L. 333-13; A.L. 333-131; A.L. 333-14; A.L. 333-140; A.L. 333-141; A.L. 333-142; A.L. 333-144; A.L. 333-145; A.L. 333-147; A.L. 333-148; A.L. 333-149; A.L. 333-15; A.L. 333-150; A.L. 333-151; A.L. 333-152; A.L. 333-153; A.L. 333-154; A.L. 333-155; A.L. 333-156; A.L. 333-157; A.L. 333-158; A.L. 333-159; A.L. 333-16; A.L. 333-160; A.L. 333-161; A.L. 333-162; A.L. 333-163; A.L. 333-164; A.L. 333-167; A.L. 333-168; A.L. 333-17; A.L. 333-18; A.L. 333-19; A.L. 333-2; A.L. 333-20; A.L. 333-21; A.L. 333-22; A.L. 333-23; A.L. 333-24; A.L. 333-25; A.L. 333-26; A.L. 333-27; A.L. 333-28; A.L. 333-29; A.L. 333-3; A.L. 333-30; A.L. 333-31; A.L. 333-32; A.L. 333-33; A.L. 333-34; A.L. 333-35; A.L. 333-36; A.L. 333-37; A.L. 333-38; A.L. 333-39; A.L. 333-4; A.L. 333-40; A.L. 333-41; A.L. 333-42; A.L. 333-43; A.L. 333-44; A.L. 333-45; A.L. 333-46; A.L. 333-47; A.L. 333-48; A.L. 333-49; A.L. 333-5; A.L. 333-50; A.L. 333-51; A.L. 333-52; A.L. 333-54; A.L. 333-55; A.L. 333-56; A.L. 333-57; A.L. 333-58; A.L. 333-59; A.L. 333-6; A.L. 333-60; A.L. 333-61; A.L. 333-62; A.L. 333-63; A.L. 333-64; A.L. 333-65; A.L. 333-66; A.L. 333-67; A.L. 333-68; A.L. 333-69; A.L. 333-7; A.L. 333-70; A.L. 333-71; A.L. 333-72; A.L. 333-73; A.L. 333-74; A.L. 333-75; A.L. 333-76; A.L. 333-77; A.L. 333-78; A.L. 333-79; A.L. 333-8; A.L. 333-80; A.L. 333-81; A.L. 333-82; A.L. 333-83; A.L. 333-84; A.L. 333-85; A.L. 333-86; A.L. 333-87; A.L. 333-88; A.L. 333-89; A.L. 333-9; A.L. 333-90; A.L. 333-91; A.L. 333-93; A.L. 333-94; A.L. 333-95; A.L. 333-96; A.L. 333-97; A.L. 333-98; A.L. 333-99; A.L. 333n-2; A.L. 333n-3; A.L. 333w-1; A.L. 333w-10; A.L. 333w-11; A.L. 333w-12; A.L. 333w-14; A.L. 333w-16; A.L. 333w-17; A.L. 333w-18; A.L. 333w-19; A.L. 333w-2; A.L. 333w-20; A.L. 333w-21; A.L. 333w-22; A.L. 333w-23; A.L. 333w-25; A.L. 333w-26; A.L. 333w-27; A.L. 333w-28; A.L. 333w-29; A.L. 333w-3; A.L. 333w-30; A.L. 333w-31; A.L. 333w-32; A.L. 333w-33; A.L. 333w-34; A.L. 333w-35; A.L. 333w-36; A.L. 333w-37; A.L. 333w-38; A.L. 333w-39; A.L. 333w-4; A.L. 333w-40; A.L. 333w-41; A.L. 333w-42; A.L. 333w-43; A.L. 333w-44; A.L. 333w-45; A.L. 333w-46; A.L. 333w-47; A.L. 333w-48; A.L. 333w-5; A.L. 333w-50; A.L. 333w-51; A.L. 333w-52; A.L. 333w-53; A.L. 333w-54; A.L. 333w-55; A.L. 333w-56; A.L. 333w-57; A.L. 333w-58; A.L. 333w-59; A.L. 333w-6; A.L. 333w-60; A.L. 333w-7; A.L. 333w-8; A.L. 333w-9; A.L. 333x-1; A.L. 333x-12; A.L. 333x-13; A.L. 333x-14; A.L. 333x-15; A.L. 333x-17; A.L. 333x-18; A.L. 333x-2; A.L. 333x-20; A.L. 333x-21; A.L. 333x-25; A.L. 333x-26; A.L. 333x-3; A.L. 333x-4; A.L. 333x-5; A.L. 333x-6; A.L. 333x-9; A.L. 241-14; A.L. 366-1; A.L. 333-53; A.L. 333w-13; A.L. 333w-15; A.L. 333x-7; A.L. 333x-8,A.L. 288-1
A.L. 772-1,Hadar,A.L. 772,Denen Dora,3256000,3200000,A.L. 211-1; A.L. 322-1,A.L. 288-1
A.L. 413-1,Hadar,A.L. 413,Denen Dora,3256000,3200000,A.L. 211-1; A.L. 322-1,A.L. 288-1
A.L. 293-3,Hadar,A.L. 293,Denen Dora,3256000,3200000,A.L. 211-1; A.L. 322-1,A.L. 288-1
A.L. 487-1,Hadar,A.L. 487,Denen Dora,3256000,3200000,A.L. 211-1; A.L. 322-1,A.L. 288-1
A.L. 762-1,Hadar,A.L. 762,Denen Dora,3256000,3200000,A.L. 211-1; A.L. 322-1,A.L. 288-1
A.L. 582-1,Hadar,A.L. 582,Denen Dora,3256000,3200000,A.L. 211-1; A.L. 322-1,A.L. 288-1
A.L. 763-1,Hadar,A.L. 763,Denen Dora,3256000,3200000,A.L. 211-1; A.L. 322-1,A.L. 288-1
A.L. 766-1,Hadar,A.L. 766,Denen Dora,3256000,3200000,A.L. 211-1; A.L. 322-1,A.L. 288-1
A.L. 441-1,Hadar,A.L. 441,Denen Dora,3256000,3200000,A.L. 211-1; A.L. 322-1,A.L. 288-1
A.L. 442-1,Hadar,A.L. 442,Denen Dora,3256000,3200000,A.L. 211-1; A.L. 322-1,A.L. 288-1
A.L. 315-22,Hadar,A.L. 315,Denen Dora,3256000,3200000,A.L. 211-1; A.L. 322-1,A.L. 288-1
A.L. 1045-1,Hadar,A.L. 1045,Hadar formation,3800000,2900000,,
A.L. 1117-1,Hadar,A.L. 1117,Hadar formation,3800000,2900000,,
A.L. 1256-1,Hadar,A.L. 1256,Hadar formation,3800000,2900000,,
A.L. 1496-1,Hadar,A.L. 1496,Hadar formation,3800000,2900000,,
A.L. 223-1,Hadar,A.L. 223,Hadar formation,3800000,2900000,,
A.L. 333-53,Hadar,A.L. 333-333w,DD-2,3256000,3200000,A.L. 58-22b; A.L. 58-22; A.L. 176-35; A.L. 161-40; A.L. 207-13,A.L. 309-8; A.L. 432-1; A.L. 486-1; A.L. 699-1
A.L. 333w-13,Hadar,A.L. 333-333w,DD-2,3256000,3200000,A.L. 58-22b; A.L. 58-22; A.L. 176-35; A.L. 161-40; A.L. 207-13,A.L. 309-8; A.L. 432-1; A.L. 486-1; A.L. 699-1
A.L. 333w-15,Hadar,A.L. 333-333w,DD-2,3256000,3200000,A.L. 58-22b; A.L. 58-22; A.L. 176-35; A.L. 161-40; A.L. 207-13,A.L. 309-8; A.L. 432-1; A.L. 486-1; A.L. 699-1
A.L. 333x-7,Hadar,A.L. 333-333w,DD-2,3256000,3200000,A.L. 58-22b; A.L. 58-22; A.L. 176-35; A.L. 161-40; A.L. 207-13,A.L. 309-8; A.L. 432-1; A.L. 486-1; A.L. 699-1
A.L. 333x-8,Hadar,A.L. 333-333w,DD-2,3256000,3200000,A.L. 58-22b; A.L. 58-22; A.L. 176-35; A.L. 161-40; A.L. 207-13,A.L. 309-8; A.L. 432-1; A.L. 486-1; A.L. 699-1
A.L. 557-1,Hadar,A.L. 557,Kada Hadar member,3200000,2900000,A.L. 162-28; A.L. 188-1; A.L. 388-1,
A.L. 1017-1,Hadar,A.L. 1017,Kada Hadar member,3120000,2900000,A.L. 162-28; A.L. 188-1; A.L. 388-1,
A.L. 922-1,Hadar,A.L. 922,Kada Hadar member,3120000,2900000,A.L. 162-28; A.L. 188-1; A.L. 388-1,
A.L. 996-1,Hadar,A.L. 996,Kada Hadar member,3120000,2900000,A.L. 162-28; A.L. 188-1; A.L. 388-1,
A.L. 462-7,Hadar,A.L. 462,Kada Hadar member,3200000,2960000,A.L. 162-28; A.L. 188-1; A.L. 388-1,
A.L. 439-1,Hadar,A.L. 439,Kada Hadar member,3200000,2960000,A.L. 162-28; A.L. 188-1; A.L. 388-1,
A.L. 437-1,Hadar,A.L. 437,Kada Hadar member,3200000,2960000,A.L. 162-28; A.L. 188-1; A.L. 388-1,
A.L. 437-2,Hadar,A.L. 437,Kada Hadar member,3200000,2960000,A.L. 162-28; A.L. 188-1; A.L. 388-1,
A.L. 457-2,Hadar,A.L. 457,Kada Hadar member,3200000,2960000,A.L. 162-28; A.L. 188-1; A.L. 388-1,
A.L. 822-1,Hadar,A.L. 822,Kada Hadar member,3200000,3120000,A.L. 162-28; A.L. 188-1; A.L. 388-1,
A.L. 729-1,Hadar,A.L. 729,Kada Hadar member,3200000,2960000,A.L. 162-28; A.L. 188-1; A.L. 388-1,
A.L. 440-1,Hadar,A.L. 440,Kada Hadar member,3200000,2960000,A.L. 162-28; A.L. 188-1; A.L. 388-1,
A.L. 452-18,Hadar,A.L. 452,Kada Hadar member,3200000,2960000,A.L. 162-28; A.L. 188-1; A.L. 388-1,
A.L. 288-1,Hadar,A.L. 288,"KH-1 sand, Hadar formation",3200000,3120000,A.L. 162-28; A.L. 188-1; A.L. 388-1,A.L. 1515-1; A.L. 438-1; A.L. 438-2; A.L. 438-3; A.L. 438-4; A.L. 444-1; A.L. 444-10; A.L. 444-11; A.L. 444-12; A.L. 444-13; A.L. 444-14; A.L. 444-15; A.L. 444-16; A.L. 444-2; A.L. 444-29; A.L. 444-3; A.L. 444-30; A.L. 444-4; A.L. 444-5; A.L. 444-6; A.L. 444-7; A.L. 444-8; A.L. 444-9; A.L. 724-1; A.L. 724-3
A.L. 827-1,Hadar,A.L. 827,KH-1 submember,3200000,3100000,A.L. 162-28; A.L. 188-1; A.L. 388-1,A.L. 1515-1; A.L. 438-1; A.L. 438-2; A.L. 438-3; A.L. 438-4; A.L. 444-1; A.L. 444-10; A.L. 444-11; A.L. 444-12; A.L. 444-13; A.L. 444-14; A.L. 444-15; A.L. 444-16; A.L. 444-2; A.L. 444-29; A.L. 444-3; A.L. 444-30; A.L. 444-4; A.L. 444-5; A.L. 444-6; A.L. 444-7; A.L. 444-8; A.L. 444-9; A.L. 724-1; A.L. 724-3
A.L. 1515-1,Hadar,A.L. 1515,KH-2 submember,3120000,2940000,A.L. 827-1,
A.L. 438-1,Hadar,A.L. 438,KH-2 submember,3120000,2950000,A.L. 827-1,
A.L. 438-2,Hadar,A.L. 438,KH-2 submember,3120000,2950000,A.L. 827-1,
A.L. 438-3,Hadar,A.L. 438,KH-2 submember,3120000,2950000,A.L. 827-1,
A.L. 438-4,Hadar,A.L. 438,KH-2 submember,3120000,2950000,A.L. 827-1,
A.L. 444-1,Hadar,A.L. 444,KH-2 submember,3120000,2950000,A.L. 827-1,
A.L. 444-10,Hadar,A.L. 444,KH-2 submember,3120000,2950000,A.L. 827-1,
A.L. 444-11,Hadar,A.L. 444,KH-2 submember,3120000,2950000,A.L. 827-1,
A.L. 444-12,Hadar,A.L. 444,KH-2 submember,3120000,2950000,A.L. 827-1,
A.L. 444-13,Hadar,A.L. 444,KH-2 submember,3120000,2950000,A.L. 827-1,
A.L. 444-14,Hadar,A.L. 444,KH-2 submember,3120000,2950000,A.L. 827-1,
A.L. 444-15,Hadar,A.L. 444,KH-2 submember,3120000,2950000,A.L. 827-1,
A.L. 444-16,Hadar,A.L. 444,KH-2 submember,3120000,2950000,A.L. 827-1,
A.L. 444-2,Hadar,A.L. 444,KH-2 submember,3120000,2950000,A.L. 827-1,
A.L. 444-29,Hadar,A.L. 444,KH-2 submember,3120000,2950000,A.L. 827-1,
A.L. 444-3,Hadar,A.L. 444,KH-2 submember,3120000,2950000,A.L. 827-1,
A.L. 444-30,Hadar,A.L. 444,KH-2 submember,3120000,2950000,A.L. 827-1,
A.L. 444-4,Hadar,A.L. 444,KH-2 submember,3120000,2950000,A.L. 827-1,
A.L. 444-5,Hadar,A.L. 444,KH-2 submember,3120000,2950000,A.L. 827-1,
A.L. 444-6,Hadar,A.L. 444,KH-2 submember,3120000,2950000,A.L. 827-1,
A.L. 444-7,Hadar,A.L. 444,KH-2 submember,3120000,2950000,A.L. 827-1,
A.L. 444-8,Hadar,A.L. 444,KH-2 submember,3120000,2950000,A.L. 827-1,
A.L. 444-9,Hadar,A.L. 444,KH-2 submember,3120000,2950000,A.L. 827-1,
A.L. 724-1,Hadar,A.L. 724,KH-2 submember,3120000,2950000,A.L. 827-1,
A.L. 724-3,Hadar,A.L. 724,KH-2 submember,3120000,2950000,A.L. 827-1,
A.L. 1920-1,Hadar,A.L. 1920,Lower Sidi Hakoma member - interpreted as SH1/SH2,3420000,3300000,,A.L. 228-2
A.L. 443-1,Hadar,A.L. 443,Lower Sidi Hakoma member - interpreted as SH1/SH2,3420000,3256000,,A.L. 228-2
A.L. 660-1,Hadar,A.L. 660,SH-1,3420000,3360000,,A.L. 436-1
A.L. 697-1,Hadar,A.L. 697,SH-1,3420000,3360000,,A.L. 436-1
A.L. 137-50,Hadar,A.L. 137,SH-1 submember,3420000,3360000,,A.L. 436-1
A.L. 198-22,Hadar,A.L. 198,SH-1 submember,3420000,3360000,,A.L. 436-1
A.L. 224-9,Hadar,A.L. 224,SH-1 submember,3420000,3360000,,A.L. 436-1
A.L. 237-3,Hadar,A.L. 237,"SH-1 submember, 1.5m above Sidi Hakoma tuff",3420000,3360000,,A.L. 436-1
A.L. 128-1,Hadar,A.L. 128,"SH-1 submember, Hadar formation",3420000,3360000,,A.L. 436-1
A.L. 128-23,Hadar,A.L. 128,"SH-1 submember, Hadar formation",3420000,3360000,,A.L. 436-1
A.L. 129-1,Hadar,A.L. 129,"SH-1 submember, Hadar formation",3420000,3360000,,A.L. 436-1
A.L. 129-52,Hadar,A.L. 129,"SH-1 submember, Hadar formation",3420000,3360000,,A.L. 436-1
A.L. 145-35,Hadar,A.L. 145,"SH-1 submember, Hadar formation",3420000,3360000,,A.L. 436-1
A.L. 198-1,Hadar,A.L. 198,"SH-1 submember, Hadar formation",3420000,3360000,,A.L. 436-1
A.L. 198-17,Hadar,A.L. 198,"SH-1 submember, Hadar formation",3420000,3360000,,A.L. 436-1
A.L. 198-18,Hadar,A.L. 198,"SH-1 submember, Hadar formation",3420000,3360000,,A.L. 436-1
A.L. 199-1,Hadar,A.L. 199,"SH-1 submember, Hadar formation",3420000,3360000,,A.L. 436-1
A.L. 200-1,Hadar,A.L. 200,"SH-1 submember, Hadar formation",3420000,3360000,,A.L. 436-1
A.L. 249-26,Hadar,A.L. 249,"SH-1 submember, Hadar formation",3420000,3360000,,A.L. 436-1
A.L. 249-27,Hadar,A.L. 249,"SH-1 submember, Hadar formation",3420000,3360000,,A.L. 436-1
A.L. 436-1,Hadar,A.L. 436,SH-2 sand,3420000,3360000,A.L. 660-1; A.L. 697-1; A.L. 137-50; A.L. 198-22; A.L. 224-9; A.L. 237-3; A.L. 128-1; A.L. 128-23; A.L. 129-1; A.L. 129-52; A.L. 145-35; A.L. 198-1; A.L. 198-17; A.L. 198-18; A.L. 199-1; A.L. 200-1; A.L. 249-26; A.L. 249-27,A.L. 228-2
A.L. 152-2,Hadar,A.L. 152,SH-2 submember,3420000,3360000,A.L. 660-1; A.L. 697-1; A.L. 137-50; A.L. 198-22; A.L. 224-9; A.L. 237-3; A.L. 128-1; A.L. 128-23; A.L. 129-1; A.L. 129-52; A.L. 145-35; A.L. 198-1; A.L. 198-17; A.L. 198-18; A.L. 199-1; A.L. 200-1; A.L. 249-26; A.L. 249-27,A.L. 228-2
A.L. 137-48,Hadar,A.L. 137,"SH-2 submember, Hadar formation",3420000,3300000,A.L. 660-1; A.L. 697-1; A.L. 137-50; A.L. 198-22; A.L. 224-9; A.L. 237-3; A.L. 128-1; A.L. 128-23; A.L. 129-1; A.L. 129-52; A.L. 145-35; A.L. 198-1; A.L. 198-17; A.L. 198-18; A.L. 199-1; A.L. 200-1; A.L. 249-26; A.L. 249-27,A.L. 228-2
A.L. 166-9,Hadar,A.L. 166,"SH-2 submember, Hadar formation",3420000,3300000,A.L. 660-1; A.L. 697-1; A.L. 137-50; A.L. 198-22; A.L. 224-9; A.L. 237-3; A.L. 128-1; A.L. 128-23; A.L. 129-1; A.L. 129-52; A.L. 145-35; A.L. 198-1; A.L. 198-17; A.L. 198-18; A.L. 199-1; A.L. 200-1; A.L. 249-26; A.L. 249-27,A.L. 228-2
A.L. 277-1,Hadar,A.L. 277,"SH-2 submember, Hadar formation",3420000,3300000,A.L. 660-1; A.L. 697-1; A.L. 137-50; A.L. 198-22; A.L. 224-9; A.L. 237-3; A.L. 128-1; A.L. 128-23; A.L. 129-1; A.L. 129-52; A.L. 145-35; A.L. 198-1; A.L. 198-17; A.L. 198-18; A.L. 199-1; A.L. 200-1; A.L. 249-26; A.L. 249-27,A.L. 228-2
A.L. 400-1,Hadar,A.L. 400,"SH-2 submember, Hadar formation",3420000,3300000,A.L. 660-1; A.L. 697-1; A.L. 137-50; A.L. 198-22; A.L. 224-9; A.L. 237-3; A.L. 128-1; A.L. 128-23; A.L. 129-1; A.L. 129-52; A.L. 145-35; A.L. 198-1; A.L. 198-17; A.L. 198-18; A.L. 199-1; A.L. 200-1; A.L. 249-26; A.L. 249-27,A.L. 228-2
A.L. 411-1,Hadar,A.L. 411,"SH-2 submember, Hadar formation",3420000,3300000,A.L. 660-1; A.L. 697-1; A.L. 137-50; A.L. 198-22; A.L. 224-9; A.L. 237-3; A.L. 128-1; A.L. 128-23; A.L. 129-1; A.L. 129-52; A.L. 145-35; A.L. 198-1; A.L. 198-17; A.L. 198-18; A.L. 199-1; A.L. 200-1; A.L. 249-26; A.L. 249-27,A.L. 228-2
A.L. 228-2,Hadar,A.L. 228,SH-3 sand,3360000,3300000,A.L. 152-2; A.L. 137-48; A.L. 166-9; A.L. 277-1; A.L. 400-1; A.L. 411-1,A.L. 266-1
A.L. 223-23,Hadar,A.L. 223,SH-3 submember,3360000,3300000,A.L. 152-2; A.L. 137-48; A.L. 166-9; A.L. 277-1; A.L. 400-1; A.L. 411-1,A.L. 266-1
A.L. 228-1,Hadar,A.L. 228,"SH-3 submember, Hadar formation",3360000,3300000,A.L. 152-2; A.L. 137-48; A.L. 166-9; A.L. 277-1; A.L. 400-1; A.L. 411-1,A.L. 266-1
A.L. 311-1,Hadar,A.L. 311,"SH-3 submember, Hadar formation",3360000,3300000,A.L. 152-2; A.L. 137-48; A.L. 166-9; A.L. 277-1; A.L. 400-1; A.L. 411-1,A.L. 266-1
A.L. 207-17,Hadar,A.L. 207,SH-4 submember,3300000,3256000,A.L. 223-23; A.L. 228-1; A.L. 311-1,A.L. 58-22b; A.L. 58-22; A.L. 176-35; A.L. 161-40; A.L. 207-13
A.L. 211-1,Hadar,A.L. 211,"SH-4 submember, Hadar formation, above Kadada Moumou basalt",3300000,3256000,A.L. 266-1,A.L. 58-22b; A.L. 58-22; A.L. 176-35; A.L. 161-40; A.L. 207-13
A.L. 322-1,Hadar,A.L. 322,"SH-4 submember, Hadar formation, above Kadada Moumou basalt",3300000,3256000,A.L. 266-1,A.L. 58-22b; A.L. 58-22; A.L. 176-35; A.L. 161-40; A.L. 207-13
A.L. 266-1,Hadar,A.L. 266,"SH-4 submember, Hadar formation, below Kadada Moumou basalt",3360000,3300000,A.L. 223-23; A.L. 228-1; A.L. 311-1,A.L. 211-1; A.L. 322-1
A.L. 1180-1,Hadar,A.L. 1180,Sidi Hakoma member,3420000,3256000,,A.L. 58-22b; A.L. 58-22; A.L. 176-35; A.L. 161-40; A.L. 207-13
A.L. 770-1,Hadar,A.L. 770,Sidi Hakoma member,3420000,3256000,,A.L. 58-22b; A.L. 58-22; A.L. 176-35; A.L. 161-40; A.L. 207-13
A.L. 465-5,Hadar,A.L. 465,Sidi Hakoma member,3420000,3256000,,A.L. 58-22b; A.L. 58-22; A.L. 176-35; A.L. 161-40; A.L. 207-13
A.L. 777-1,Hadar,A.L. 777,Sidi Hakoma member,3420000,3360000,,A.L. 58-22b; A.L. 58-22; A.L. 176-35; A.L. 161-40; A.L. 207-13
A.L. 225-8,Hadar,A.L. 225,Sidi Hakoma member,3420000,3256000,,A.L. 58-22b; A.L. 58-22; A.L. 176-35; A.L. 161-40; A.L. 207-13
A.L. 125-11,Hadar,A.L. 125,Sidi Hakoma member,3420000,3360000,,A.L. 58-22b; A.L. 58-22; A.L. 176-35; A.L. 161-40; A.L. 207-13
A.L. 418-1,Hadar,A.L. 418,Sidi Hakoma member,3420000,3256000,,A.L. 58-22b; A.L. 58-22; A.L. 176-35; A.L. 161-40; A.L. 207-13
A.L. 417-1,Hadar,A.L. 417,Sidi Hakoma member,3420000,3360000,,A.L. 58-22b; A.L. 58-22; A.L. 176-35; A.L. 161-40; A.L. 207-13
A.L. 423-1,Hadar,A.L. 423,Sidi Hakoma member,3420000,3360000,,A.L. 58-22b; A.L. 58-22; A.L. 176-35; A.L. 161-40; A.L. 207-13
A.L. 651-1,Hadar,A.L. 651,Sidi Hakoma member,3420000,3360000,,A.L. 58-22b; A.L. 58-22; A.L. 176-35; A.L. 161-40; A.L. 207-13
A.L. 330-5,Hadar,A.L. 330,Sidi Hakoma member,3360000,3256000,,A.L. 58-22b; A.L. 58-22; A.L. 176-35; A.L. 161-40; A.L. 207-13
A.L. 330-7,Hadar,A.L. 330,Sidi Hakoma member,3360000,3256000,,A.L. 58-22b; A.L. 58-22; A.L. 176-35; A.L. 161-40; A.L. 207-13
A.L. 655-1,Hadar,A.L. 655,Sidi Hakoma member,3420000,3256000,,A.L. 58-22b; A.L. 58-22; A.L. 176-35; A.L. 161-40; A.L. 207-13
A.L. 769-1,Hadar,A.L. 769,Sidi Hakoma member,3420000,3360000,,A.L. 58-22b; A.L. 58-22; A.L. 176-35; A.L. 161-40; A.L. 207-13
A.L. 466-1,Hadar,A.L. 466,Sidi Hakoma member,3420000,3300000,,A.L. 58-22b; A.L. 58-22; A.L. 176-35; A.L. 161-40; A.L. 207-13
A.L. 604-1,Hadar,A.L. 604,Sidi Hakoma upper (interpreted as above Kada Me'e) to DD-2,3420000,3200000,A.L. 152-2; A.L. 137-48; A.L. 166-9; A.L. 277-1; A.L. 400-1; A.L. 411-1,A.L. 309-8; A.L. 432-1; A.L. 486-1; A.L. 699-1
A.L. 701-1,Hadar,A.L. 701,DD-3 to KH-1,3256000,3120000,A.L. 333-123; A.L. 333-124; A.L. 333-125; A.L. 333-126; A.L. 333-127; A.L. 333-128; A.L. 333-129; A.L. 333-130; A.L. 333-132; A.L. 333-134; A.L. 333-135; A.L. 333-165; A.L. 333-166; A.L. 333n-1; A.L. 333x-16; A.L. 620-1; A.L. 1044-1; A.L. 333-1; A.L. 333-10; A.L. 333-100; A.L. 333-101; A.L. 333-102; A.L. 333-103; A.L. 333-104; A.L. 333-105; A.L. 333-106; A.L. 333-107; A.L. 333-108; A.L. 333-109; A.L. 333-11; A.L. 333-110; A.L. 333-111; A.L. 333-112; A.L. 333-113; A.L. 333-114; A.L. 333-115; A.L. 333-116; A.L. 333-117; A.L. 333-118; A.L. 333-119; A.L. 333-12; A.L. 333-120; A.L. 333-121; A.L. 333-122; A.L. 333-13; A.L. 333-131; A.L. 333-14; A.L. 333-140; A.L. 333-141; A.L. 333-142; A.L. 333-144; A.L. 333-145; A.L. 333-147; A.L. 333-148; A.L. 333-149; A.L. 333-15; A.L. 333-150; A.L. 333-151; A.L. 333-152; A.L. 333-153; A.L. 333-154; A.L. 333-155; A.L. 333-156; A.L. 333-157; A.L. 333-158; A.L. 333-159; A.L. 333-16; A.L. 333-160; A.L. 333-161; A.L. 333-162; A.L. 333-163; A.L. 333-164; A.L. 333-167; A.L. 333-168; A.L. 333-17; A.L. 333-18; A.L. 333-19; A.L. 333-2; A.L. 333-20; A.L. 333-21; A.L. 333-22; A.L. 333-23; A.L. 333-24; A.L. 333-25; A.L. 333-26; A.L. 333-27; A.L. 333-28; A.L. 333-29; A.L. 333-3; A.L. 333-30; A.L. 333-31; A.L. 333-32; A.L. 333-33; A.L. 333-34; A.L. 333-35; A.L. 333-36; A.L. 333-37; A.L. 333-38; A.L. 333-39; A.L. 333-4; A.L. 333-40; A.L. 333-41; A.L. 333-42; A.L. 333-43; A.L. 333-44; A.L. 333-45; A.L. 333-46; A.L. 333-47; A.L. 333-48; A.L. 333-49; A.L. 333-5; A.L. 333-50; A.L. 333-51; A.L. 333-52; A.L. 333-54; A.L. 333-55; A.L. 333-56; A.L. 333-57; A.L. 333-58; A.L. 333-59; A.L. 333-6; A.L. 333-60; A.L. 333-61; A.L. 333-62; A.L. 333-63; A.L. 333-64; A.L. 333-65; A.L. 333-66; A.L. 333-67; A.L. 333-68; A.L. 333-69; A.L. 333-7; A.L. 333-70; A.L. 333-71; A.L. 333-72; A.L. 333-73; A.L. 333-74; A.L. 333-75; A.L. 333-76; A.L. 333-77; A.L. 333-78; A.L. 333-79; A.L. 333-8; A.L. 333-80; A.L. 333-81; A.L. 333-82; A.L. 333-83; A.L. 333-84; A.L. 333-85; A.L. 333-86; A.L. 333-87; A.L. 333-88; A.L. 333-89; A.L. 333-9; A.L. 333-90; A.L. 333-91; A.L. 333-93; A.L. 333-94; A.L. 333-95; A.L. 333-96; A.L. 333-97; A.L. 333-98; A.L. 333-99; A.L. 333n-2; A.L. 333n-3; A.L. 333w-1; A.L. 333w-10; A.L. 333w-11; A.L. 333w-12; A.L. 333w-14; A.L. 333w-16; A.L. 333w-17; A.L. 333w-18; A.L. 333w-19; A.L. 333w-2; A.L. 333w-20; A.L. 333w-21; A.L. 333w-22; A.L. 333w-23; A.L. 333w-25; A.L. 333w-26; A.L. 333w-27; A.L. 333w-28; A.L. 333w-29; A.L. 333w-3; A.L. 333w-30; A.L. 333w-31; A.L. 333w-32; A.L. 333w-33; A.L. 333w-34; A.L. 333w-35; A.L. 333w-36; A.L. 333w-37; A.L. 333w-38; A.L. 333w-39; A.L. 333w-4; A.L. 333w-40; A.L. 333w-41; A.L. 333w-42; A.L. 333w-43; A.L. 333w-44; A.L. 333w-45; A.L. 333w-46; A.L. 333w-47; A.L. 333w-48; A.L. 333w-5; A.L. 333w-50; A.L. 333w-51; A.L. 333w-52; A.L. 333w-53; A.L. 333w-54; A.L. 333w-55; A.L. 333w-56; A.L. 333w-57; A.L. 333w-58; A.L. 333w-59; A.L. 333w-6; A.L. 333w-60; A.L. 333w-7; A.L. 333w-8; A.L. 333w-9; A.L. 333x-1; A.L. 333x-12; A.L. 333x-13; A.L. 333x-14; A.L. 333x-15; A.L. 333x-17; A.L. 333x-18; A.L. 333x-2; A.L. 333x-20; A.L. 333x-21; A.L. 333x-25; A.L. 333x-26; A.L. 333x-3; A.L. 333x-4; A.L. 333x-5; A.L. 333x-6; A.L. 333x-9; A.L. 241-14; A.L. 366-1; A.L. 333-53; A.L. 333w-13; A.L. 333w-15; A.L. 333x-7; A.L. 333x-8,A.L. 1515-1; A.L. 438-1; A.L. 438-2; A.L. 438-3; A.L. 438-4; A.L. 444-1; A.L. 444-10; A.L. 444-11; A.L. 444-12; A.L. 444-13; A.L. 444-14; A.L. 444-15; A.L. 444-16; A.L. 444-2; A.L. 444-29; A.L. 444-3; A.L. 444-30; A.L. 444-4; A.L. 444-5; A.L. 444-6; A.L. 444-7; A.L. 444-8; A.L. 444-9; A.L. 724-1; A.L. 724-3
A.L. 1030-1,Hadar,A.L. 1030,Upper Denen Dora member (interpreted as DD3),3256000,3200000,A.L. 333-123; A.L. 333-124; A.L. 333-125; A.L. 333-126; A.L. 333-127; A.L. 333-128; A.L. 333-129; A.L. 333-130; A.L. 333-132; A.L. 333-134; A.L. 333-135; A.L. 333-165; A.L. 333-166; A.L. 333n-1; A.L. 333x-16; A.L. 620-1; A.L. 1044-1; A.L. 333-1; A.L. 333-10; A.L. 333-100; A.L. 333-101; A.L. 333-102; A.L. 333-103; A.L. 333-104; A.L. 333-105; A.L. 333-106; A.L. 333-107; A.L. 333-108; A.L. 333-109; A.L. 333-11; A.L. 333-110; A.L. 333-111; A.L. 333-112; A.L. 333-113; A.L. 333-114; A.L. 333-115; A.L. 333-116; A.L. 333-117; A.L. 333-118; A.L. 333-119; A.L. 333-12; A.L. 333-120; A.L. 333-121; A.L. 333-122; A.L. 333-13; A.L. 333-131; A.L. 333-14; A.L. 333-140; A.L. 333-141; A.L. 333-142; A.L. 333-144; A.L. 333-145; A.L. 333-147; A.L. 333-148; A.L. 333-149; A.L. 333-15; A.L. 333-150; A.L. 333-151; A.L. 333-152; A.L. 333-153; A.L. 333-154; A.L. 333-155; A.L. 333-156; A.L. 333-157; A.L. 333-158; A.L. 333-159; A.L. 333-16; A.L. 333-160; A.L. 333-161; A.L. 333-162; A.L. 333-163; A.L. 333-164; A.L. 333-167; A.L. 333-168; A.L. 333-17; A.L. 333-18; A.L. 333-19; A.L. 333-2; A.L. 333-20; A.L. 333-21; A.L. 333-22; A.L. 333-23; A.L. 333-24; A.L. 333-25; A.L. 333-26; A.L. 333-27; A.L. 333-28; A.L. 333-29; A.L. 333-3; A.L. 333-30; A.L. 333-31; A.L. 333-32; A.L. 333-33; A.L. 333-34; A.L. 333-35; A.L. 333-36; A.L. 333-37; A.L. 333-38; A.L. 333-39; A.L. 333-4; A.L. 333-40; A.L. 333-41; A.L. 333-42; A.L. 333-43; A.L. 333-44; A.L. 333-45; A.L. 333-46; A.L. 333-47; A.L. 333-48; A.L. 333-49; A.L. 333-5; A.L. 333-50; A.L. 333-51; A.L. 333-52; A.L. 333-54; A.L. 333-55; A.L. 333-56; A.L. 333-57; A.L. 333-58; A.L. 333-59; A.L. 333-6; A.L. 333-60; A.L. 333-61; A.L. 333-62; A.L. 333-63; A.L. 333-64; A.L. 333-65; A.L. 333-66; A.L. 333-67; A.L. 333-68; A.L. 333-69; A.L. 333-7; A.L. 333-70; A.L. 333-71; A.L. 333-72; A.L. 333-73; A.L. 333-74; A.L. 333-75; A.L. 333-76; A.L. 333-77; A.L. 333-78; A.L. 333-79; A.L. 333-8; A.L. 333-80; A.L. 333-81; A.L. 333-82; A.L. 333-83; A.L. 333-84; A.L. 333-85; A.L. 333-86; A.L. 333-87; A.L. 333-88; A.L. 333-89; A.L. 333-9; A.L. 333-90; A.L. 333-91; A.L. 333-93; A.L. 333-94; A.L. 333-95; A.L. 333-96; A.L. 333-97; A.L. 333-98; A.L. 333-99; A.L. 333n-2; A.L. 333n-3; A.L. 333w-1; A.L. 333w-10; A.L. 333w-11; A.L. 333w-12; A.L. 333w-14; A.L. 333w-16; A.L. 333w-17; A.L. 333w-18; A.L. 333w-19; A.L. 333w-2; A.L. 333w-20; A.L. 333w-21; A.L. 333w-22; A.L. 333w-23; A.L. 333w-25; A.L. 333w-26; A.L. 333w-27; A.L. 333w-28; A.L. 333w-29; A.L. 333w-3; A.L. 333w-30; A.L. 333w-31; A.L. 333w-32; A.L. 333w-33; A.L. 333w-34; A.L. 333w-35; A.L. 333w-36; A.L. 333w-37; A.L. 333w-38; A.L. 333w-39; A.L. 333w-4; A.L. 333w-40; A.L. 333w-41; A.L. 333w-42; A.L. 333w-43; A.L. 333w-44; A.L. 333w-45; A.L. 333w-46; A.L. 333w-47; A.L. 333w-48; A.L. 333w-5; A.L. 333w-50; A.L. 333w-51; A.L. 333w-52; A.L. 333w-53; A.L. 333w-54; A.L. 333w-55; A.L. 333w-56; A.L. 333w-57; A.L. 333w-58; A.L. 333w-59; A.L. 333w-6; A.L. 333w-60; A.L. 333w-7; A.L. 333w-8; A.L. 333w-9; A.L. 333x-1; A.L. 333x-12; A.L. 333x-13; A.L. 333x-14; A.L. 333x-15; A.L. 333x-17; A.L. 333x-18; A.L. 333x-2; A.L. 333x-20; A.L. 333x-21; A.L. 333x-25; A.L. 333x-26; A.L. 333x-3; A.L. 333x-4; A.L. 333x-5; A.L. 333x-6; A.L. 333x-9; A.L. 241-14; A.L. 366-1; A.L. 333-53; A.L. 333w-13; A.L. 333w-15; A.L. 333x-7; A.L. 333x-8,A.L. 288-1
